batch_id,fee_amount,idempotency_key,net_settled_amount_minor_units,processing_date,settled_amount,settlement_id,settlement_status,transaction_reference,value_date
BATCH_202605_038,0.61,idk_6fff8a2d3316,20284,2026-05-06T04:50:00+00:00,203.45,3b13d8c6-bd89-44c4-a3cf-c6b3e0da1e23,settled,cb382729-fbbc-48f8-86cd-888ad9aec8af,2026-05-06T04:50:00+00:00
BATCH_202605_018,1.51,idk_33bcd7f07584,50228,2026-05-24T12:41:00+00:00,503.79,32e80d1b-0751-495f-b5cd-923da80416be,settled,923285d5-fbfd-4199-a394-d3a2aa15f7c6,2026-05-24T12:41:00+00:00
BATCH_202605_023,61.3,idk_b4a527c349f7,2037229,2026-05-08T08:13:00+00:00,20433.59,a882a921-acb8-4f65-9dfb-204be9020028,settled,0fdb777a-49a0-40b2-bf81-2bf1cbda04b2,2026-05-08T08:13:00+00:00
BATCH_202605_024,7.14,idk_7bbcbe212e15,237131,2026-05-05T04:42:00+00:00,2378.45,273e4eec-55ae-4316-87c7-8b7752b3ed02,settled,4c3b3e55-5595-450f-bc37-8721119119bd,2026-05-05T04:42:00+00:00
BATCH_202605_018,2.01,idk_b0d0ea708b6c,66904,2026-05-26T05:01:00+00:00,671.05,738f32dd-2a51-49d8-aec4-20f6bc9c3c93,settled,7f4f39d4-f8a7-4697-9963-d707197f6450,2026-05-26T05:01:00+00:00
BATCH_202605_039,2.59,idk_37533a0f5b7d,86197,2026-05-08T08:51:00+00:00,864.56,7eade6fa-453d-41cf-89b4-cbf7dc027fc5,settled,f3c53f5e-1db7-44d4-9123-5b8796a90285,2026-05-08T08:51:00+00:00
BATCH_202605_050,1.6,idk_bc1bab51e15e,53040,2026-05-14T06:51:00+00:00,532.0,0d7fb3a7-4805-4339-996c-48a0ee603708,settled,9fad941b-cb8a-4a4f-9b0c-35d69025eb7d,2026-05-14T06:51:00+00:00
BATCH_202605_042,34.72,idk_7bbce06d121e,1153785,2026-05-31T08:20:00+00:00,11572.57,9156fea6-f762-40b3-a10d-712236e60a3d,settled,4eb3bdac-e973-4aeb-b056-bcbfe7865b16,2026-05-31T08:20:00+00:00
BATCH_202605_024,0.98,idk_f670d90b41ef,32482,2026-05-19T06:44:00+00:00,325.8,9d3d7d8a-6165-40e9-8488-5216e8526af1,settled,6cef1344-d0ad-4bd4-bc88-bce2f23fd3bd,2026-05-19T06:44:00+00:00
BATCH_202605_030,0.36,idk_a4ebea00db56,11834,2026-05-23T10:11:00+00:00,118.7,abb5451c-9142-4e27-86d0-4aecae59aa43,settled,c2804a4a-8521-4f6d-ba3b-29446997d7c8,2026-05-23T10:11:00+00:00
BATCH_202605_001,2.57,idk_6f00cd195fea,85422,2026-05-26T08:14:00+00:00,856.79,c31f37fe-5061-480c-9195-90a1ceb4567b,settled,5f9b8ac1-b077-4c39-8f32-58bf21447f5c,2026-05-26T08:14:00+00:00
BATCH_202605_041,697.09,idk_9f668e290e3b,23166713,2026-05-26T11:05:00+00:00,232364.22,9c7f5a1a-32a5-4c3b-b8c7-b8de9cda3fcd,settled,7e491e50-72e6-4400-9c67-0cbff16de172,2026-05-26T11:05:00+00:00
BATCH_202605_002,0.78,idk_1be5911ce134,25764,2026-05-19T11:05:00+00:00,258.42,1a480f09-1136-4e76-842b-47290ebb32f1,settled,46dc2660-2c65-4dba-a3b9-c49ca0eaa77d,2026-05-19T11:05:00+00:00
BATCH_202605_049,2.61,idk_b428dd5ded06,86713,2026-05-31T04:12:00+00:00,869.74,cb2cdd7e-6568-4422-9cea-fc05d675c323,settled,76ad12f1-0134-499f-8874-a235358bfd9f,2026-05-31T04:12:00+00:00
BATCH_202605_014,0.33,idk_2a576840ebda,11018,2026-05-19T08:40:00+00:00,110.51,d4710a42-9d41-4ba6-b321-8610b458e423,settled,d731ec1a-0a74-44d2-b766-f25dbd4d4417,2026-05-19T08:40:00+00:00
BATCH_202605_029,911.65,idk_ed049d67e90f,30297282,2026-05-12T08:48:00+00:00,303884.46,00ae7782-f0ca-4ed7-9479-f87a9cab5a43,settled,4174ef13-3a50-4fdc-a6b1-6ec7ac775d37,2026-05-12T08:48:00+00:00
BATCH_202605_004,0.85,idk_88fba962bd20,28168,2026-05-20T10:21:00+00:00,282.53,9f8ed329-615a-435f-8dda-0e15cca869b5,settled,f000cb28-ff7e-405a-8f21-650813c40551,2026-05-20T10:21:00+00:00
BATCH_202605_037,0.69,idk_70f109fd1a7a,23014,2026-05-18T10:15:00+00:00,230.83,88af8644-aa9a-499c-91d4-e31131016531,settled,38ccbc3e-289f-45a2-bd08-6c58dd454328,2026-05-18T10:15:00+00:00
BATCH_202605_047,11.41,idk_2fe525fd426a,379241,2026-05-05T03:34:00+00:00,3803.82,6ba25c54-169c-45cd-9f01-cc4643043097,settled,686436b5-be00-48fe-b0d2-347fcf740f31,2026-05-05T03:34:00+00:00
BATCH_202605_013,2.72,idk_c7642b103778,90401,2026-05-14T08:58:00+00:00,906.72,f6024f37-cb0a-497d-b41e-daa068bd75ac,settled,839eafeb-0d14-4b81-a73d-65cb771f58c8,2026-05-14T08:58:00+00:00
BATCH_202605_004,0.82,idk_2ea6b34c90be,27227,2026-05-09T09:58:00+00:00,273.09,9650355c-5dc9-4c1d-88d9-7264886c5a0d,settled,7ae67061-49e1-4329-a0d7-3cc03d3420d1,2026-05-09T09:58:00+00:00
BATCH_202605_026,46.95,idk_b02038ef4092,1560278,2026-05-31T05:33:00+00:00,15649.73,74c9997d-5ffa-46fb-89a0-ef49d57fa78d,settled,39360197-f1fb-4435-82ea-44b4c22d3f0e,2026-05-31T05:33:00+00:00
BATCH_202605_019,633.61,idk_9f8b86152615,21056852,2026-06-01T10:49:00+00:00,211202.13,4edd2a72-b93a-42a2-8079-d418e9660c09,settled,e3e256cb-fac5-4e65-bd91-d00318ae9c37,2026-06-01T10:49:00+00:00
BATCH_202605_033,0.62,idk_d24dfdccd4b6,20722,2026-05-20T11:05:00+00:00,207.84,68006e97-4188-4d8c-a969-96d2ae464d5d,settled,a6d64527-f54e-4c13-8cfd-2a766381b285,2026-05-20T11:05:00+00:00
BATCH_202605_038,0.52,idk_937995d8458e,17189,2026-05-29T09:14:00+00:00,172.41,8bb85cd5-70df-4164-adc9-5120e6cc1577,settled,c9a816b4-1b8d-449e-b73a-7d14e6bf48c6,2026-05-29T09:14:00+00:00
BATCH_202605_021,1.99,idk_76687939334a,66097,2026-05-20T09:06:00+00:00,662.96,ebb50b54-dc47-4aed-aa11-03777967453a,settled,a87930b0-77c6-4bbb-b9a7-d78fa521dc49,2026-05-20T09:06:00+00:00
BATCH_202605_007,0.97,idk_d967642846fb,32245,2026-05-18T04:07:00+00:00,323.42,26ad61cd-1941-4606-847f-cebbf6776739,settled,fa22866b-d50b-4105-a40a-2817e80c8d16,2026-05-18T04:07:00+00:00
BATCH_202605_035,0.88,idk_b7c160dd7c8e,29173,2026-05-13T05:30:00+00:00,292.61,8fd132a2-53a9-4c3a-90db-4c2dc4ac339e,settled,9748d3e7-2c4f-47a7-afab-fb66e9d6d63b,2026-05-13T05:30:00+00:00
BATCH_202605_010,71.7,idk_0230895c8e46,2382937,2026-05-06T08:14:00+00:00,23901.07,dcd5f859-4f9c-43d1-8116-327d9ba54768,settled,52e0da8d-a083-49e1-a24c-b415bb227db7,2026-05-06T08:14:00+00:00
BATCH_202605_004,2.5,idk_cf6221a7922a,82971,2026-05-24T08:39:00+00:00,832.21,e8b57a83-9df3-46c2-87c0-762f077333bf,settled,109dc779-fe0b-4196-9904-734c0927c8d5,2026-05-24T08:39:00+00:00
BATCH_202605_029,1.3,idk_fa38932aa582,43121,2026-05-12T05:47:00+00:00,432.51,68d90fa0-6d74-4ab8-9be5-05a4b1fecd6c,settled,769e685a-e504-410f-8ffc-66e6130b3fb3,2026-05-12T05:47:00+00:00
BATCH_202605_010,1.36,idk_d26a59519bab,45096,2026-06-01T10:09:00+00:00,452.32,543750ec-d12a-4f07-93f8-fd24f883d964,settled,472ff1b5-2a91-45f4-a054-25577468c7b1,2026-06-01T10:09:00+00:00
BATCH_202605_023,0.56,idk_23feede6b4d1,18528,2026-05-27T08:20:00+00:00,185.84,56655b83-1987-4431-a7e1-8864f573725a,settled,9a2824ef-b071-4794-95e2-842e1d05f39f,2026-05-27T08:20:00+00:00
BATCH_202605_012,87.6,idk_859676871f4b,2911108,2026-05-26T06:02:00+00:00,29198.68,771eb02a-f081-4882-ad10-0b05b96e1de4,settled,a7e933d6-e14b-4e65-8cbf-4573bfef4235,2026-05-26T06:02:00+00:00
BATCH_202605_013,69.61,idk_5a8e764232b5,2313393,2026-05-24T10:02:00+00:00,23203.54,7fb039a7-1b5d-4f01-b6c1-4241b3ad4d9d,settled,39905dbf-1e65-4d81-a1c8-35b813c571ae,2026-05-24T10:02:00+00:00
BATCH_202605_018,42.43,idk_d09cf6de56ff,1410088,2026-05-29T05:08:00+00:00,14143.31,21b0676e-c798-48c0-aa70-8e1cfb92084f,settled,7571da50-edf6-47de-a1bb-b2123c4458a6,2026-05-29T05:08:00+00:00
BATCH_202605_008,87.65,idk_59419ba8fef2,2912809,2026-05-19T09:00:00+00:00,29215.74,ab619464-4a3e-478a-8b61-9ef971bef8ac,settled,0dbb4e5c-a3b0-44d6-8942-f5b27d1c8b4a,2026-05-19T09:00:00+00:00
BATCH_202605_028,25.04,idk_ac03bc3e0022,832298,2026-05-04T10:34:00+00:00,8348.02,7a02d070-abc5-431e-ad58-ab3b0261a102,settled,4a6ce196-b1e3-43bc-8be6-3ce2386b61f4,2026-05-04T10:34:00+00:00
BATCH_202605_035,1.54,idk_78c7ab38afb2,51137,2026-05-08T04:52:00+00:00,512.91,713b4b9c-ad89-411a-8016-46fa1f28b55b,settled,29e737aa-b69b-4586-90db-914c192a406f,2026-05-08T04:52:00+00:00
BATCH_202605_020,26.01,idk_7d75ce7c80bc,864255,2026-05-23T10:27:00+00:00,8668.56,04f4a41c-1128-4c0e-8811-06189ab77c24,settled,25be0f52-2423-499f-97f7-c44077955e15,2026-05-23T10:27:00+00:00
BATCH_202605_044,2.11,idk_9e90827391e3,70031,2026-05-12T05:19:00+00:00,702.42,cde7cc5b-549a-4b31-85e5-d324a30a5731,reversed,b118c380-a554-4866-a904-c270ff74b917,2026-05-12T05:19:00+00:00
BATCH_202605_039,20.66,idk_c160b6a5e130,686451,2026-05-20T08:25:00+00:00,6885.17,7d900858-ee0d-411a-8695-5005ce96950b,settled,5c1b853f-8d1d-4b04-b19f-28387bcdf2fb,2026-05-20T08:25:00+00:00
BATCH_202605_043,42.18,idk_25d40817c07d,1401941,2026-05-18T09:17:00+00:00,14061.59,76dbaa1c-ad8f-4af6-b4fc-0f69e7e4e02f,settled,033c74cc-94a2-4401-ad80-b763e1dadff7,2026-05-18T09:17:00+00:00
BATCH_202605_003,0.43,idk_b14e607c058b,14344,2026-05-09T08:21:00+00:00,143.87,2a0e4450-8d25-4e3f-8297-710e400dbe15,settled,392a7810-96d2-4963-a256-4f6f9f5de509,2026-05-09T08:21:00+00:00
BATCH_202605_032,1.2,idk_2cf6884e45eb,39722,2026-05-16T08:43:00+00:00,398.42,29b27795-4c01-44ca-88a9-6d5db8c23a5a,settled,a0bd6410-41af-4973-ab2b-fe09dcdd5dde,2026-05-16T08:43:00+00:00
BATCH_202605_045,0.32,idk_0c82d7d1de09,10598,2026-05-26T04:56:00+00:00,106.3,539c0843-1ff3-4dbd-8b4e-ea8e6fbfdf27,settled,5df81253-c8e6-4278-9e37-9b1a24276602,2026-05-26T04:56:00+00:00
BATCH_202605_036,0.66,idk_998850f8845f,21908,2026-05-05T05:58:00+00:00,219.74,a8aaabf5-f212-4f02-b75e-b599efcff751,settled,65242caf-b7c9-44c1-bb62-d86c8099c83b,2026-05-05T05:58:00+00:00
BATCH_202605_029,2.6,idk_5983603c44c7,86467,2026-05-16T10:04:00+00:00,867.27,21c70588-cc7a-4df1-b1fc-b3394cc94143,settled,48ed6442-841d-46ed-b794-988de198573b,2026-05-16T10:04:00+00:00
BATCH_202605_046,0.58,idk_766a1b937352,19137,2026-05-26T09:47:00+00:00,191.945,99a23641-4592-4b5b-a4ff-717a283186d7,settled,4d4b6cb7-7e44-47e7-8161-508ba06284af,2026-05-26T09:47:00+00:00
BATCH_202605_014,0.95,idk_e0ea58e8c26a,31452,2026-05-04T05:21:00+00:00,315.47,08b032f9-d610-4828-a8d1-2d1743d04231,settled,0c338f59-7995-4657-9fda-c28867766dc1,2026-05-04T05:21:00+00:00
BATCH_202605_045,1.14,idk_7eb0532fc6e1,37779,2026-05-03T09:31:00+00:00,378.93,48def2b4-f268-4564-bf70-bd9af3708b02,settled,df8858c1-5196-42e3-8b01-66ed95aba07b,2026-05-03T09:31:00+00:00
BATCH_202605_027,0.27,idk_1ba2c164459f,8899,2026-05-14T04:29:00+00:00,89.26,9e3a1466-02f6-41ee-b7a2-75dcc3357bd0,settled,610f1220-b887-4d46-b9a5-74a63cac42d9,2026-05-14T04:29:00+00:00
BATCH_202605_022,7.5,idk_315751f2ab3b,249147,2026-05-09T05:24:00+00:00,2498.97,97754a33-5846-44c8-aae6-8231b7d10872,settled,593fcacd-c1b7-4644-a7a5-9ce120d1b5b2,2026-05-09T05:24:00+00:00
BATCH_202605_037,136.91,idk_7aa646668581,4549813,2026-05-16T10:41:00+00:00,45635.04,6ec0c7df-63b5-4392-b853-7a696ba2fea0,settled,961da70e-a866-4b79-bfeb-2836867addc0,2026-05-16T10:41:00+00:00
BATCH_202605_021,21.27,idk_23b580089962,706783,2026-05-16T04:23:00+00:00,7089.1,25209713-fe02-4048-a3a8-b9dac3457c00,settled,816f3da1-d925-43af-b8d8-67967e3a3431,2026-05-16T04:23:00+00:00
BATCH_202605_035,3.09,idk_0e2341ff0598,102608,2026-05-28T09:00:00+00:00,1029.17,f0e8e4e4-c873-4dee-a986-12fdf5875028,settled,54107fbd-beba-493f-8bb0-6b7dcd3583ba,2026-05-28T09:00:00+00:00
BATCH_202605_002,3.34,idk_e38703e79d27,110886,2026-05-26T04:55:00+00:00,1112.2,8e644fb2-ab96-4902-9d2c-4641e8de3b31,settled,42fac439-78ac-435a-bd71-423e043bfbc4,2026-05-26T04:55:00+00:00
BATCH_202605_039,0.76,idk_dae853d7da60,25214,2026-05-20T09:51:00+00:00,252.9,2bf5e36d-2176-4e7e-a490-1945f54cea14,settled,c1754c65-64d6-47f3-ba2c-8f65acd8c4b9,2026-05-20T09:51:00+00:00
BATCH_202605_044,2.2,idk_280a9644437d,73207,2026-05-07T04:44:00+00:00,734.27,8038373f-421b-49f2-a01d-94ddeb45043a,settled,9329edc6-7348-4b37-bcee-1c96717242f0,2026-05-07T04:44:00+00:00
BATCH_202605_039,238.62,idk_1aac1335a2b4,7930161,2026-05-23T04:51:00+00:00,79540.23,a9632115-3173-4ac2-abd9-1fa081340c52,settled,6c1bf66f-a5cd-4a4e-af33-879d0743b2b8,2026-05-23T04:51:00+00:00
BATCH_202605_022,90.84,idk_5431003cb511,3018961,2026-05-13T09:49:00+00:00,30280.45,23483771-7a41-4b91-a454-f49af19d3f81,settled,d3bdd2a7-87e5-4ad6-8f72-ce0fbfd83754,2026-05-13T09:49:00+00:00
BATCH_202605_010,0.14,idk_92eb47fea3e5,4767,2026-05-05T08:47:00+00:00,47.81,25d3e5ca-7834-471a-8b99-1d77063ca992,settled,f4fe7ed4-45c1-4f2e-84ef-1fad0f097983,2026-05-05T08:47:00+00:00
BATCH_202605_006,1.66,idk_8b245eba8f35,55172,2026-05-28T10:24:00+00:00,553.38,916ce110-2907-49f4-973e-a0d81ce1d232,settled,f963ac92-3755-4eaa-b28d-ec5c635691ec,2026-05-28T10:24:00+00:00
BATCH_202605_012,1.14,idk_ebce5ef8687f,38032,2026-05-22T09:28:00+00:00,381.46,b0096340-4ce5-46ba-a655-e86bcd9237ed,settled,9b31ce9d-838b-43e5-b8c2-0044b68970c5,2026-05-22T09:28:00+00:00
BATCH_202605_013,1.15,idk_d2f1307d2648,38106,2026-05-30T12:03:00+00:00,382.21,8bc808f1-d44a-4c7a-9c39-081de61aff35,settled,67414ae4-5004-4799-9bd7-6ab44ba35c67,2026-05-30T12:03:00+00:00
BATCH_202605_002,2.71,idk_367551f44ed4,89981,2026-05-09T09:48:00+00:00,902.52,3793d9f0-6f68-4d39-ba73-a020d54b4508,settled,c2822268-c493-4e26-955d-2429ad4b2dc8,2026-05-09T09:48:00+00:00
BATCH_202605_048,0.43,idk_ba390ed9fc68,14431,2026-05-23T08:37:00+00:00,144.74,1ace8515-40ef-4293-a763-de8e830a2110,settled,5a48bac4-5c7a-4b25-80ad-825815a00fa1,2026-05-23T08:37:00+00:00
BATCH_202605_035,1.03,idk_5ff221064b90,34354,2026-05-10T04:53:00+00:00,344.57,ced8194f-8581-4451-a65b-a29232b355cb,settled,2085bfcd-836d-417f-9198-f8ce0064f729,2026-05-10T04:53:00+00:00
BATCH_202605_019,550.6,idk_e025fb31d7ce,18298271,2026-05-17T06:44:00+00:00,183533.31,b3f18d5d-0a4f-4515-b33d-70e38382eb79,settled,fb0fc0a8-d41f-45e3-8cce-48c4901349b2,2026-05-17T06:44:00+00:00
BATCH_202605_004,674.97,idk_88db0750c4c2,22431515,2026-05-07T04:52:00+00:00,224990.12,dad0a42f-c6c3-43b7-9c7a-39a539e47e23,settled,7ed8fd2b-2081-45a1-83eb-4fe7d079a75c,2026-05-07T04:52:00+00:00
BATCH_202605_031,2.05,idk_ce3eb4cd499b,67973,2026-05-26T05:02:00+00:00,681.775,30e16514-1638-40b0-89be-167dd694ed84,settled,49442ef3-d9a0-4f60-a907-b0d6892da5eb,2026-05-26T05:02:00+00:00
BATCH_202605_010,4.78,idk_2929caf8cb02,158863,2026-05-04T09:11:00+00:00,1593.41,868788e9-71fd-4a98-841a-2c17de81ddba,settled,74637fe0-62bb-4c1a-820b-a2d58b58877e,2026-05-04T09:11:00+00:00
BATCH_202605_050,1.7,idk_46f2eeff5971,56424,2026-05-05T09:45:00+00:00,565.94,5ac5eb74-dfed-4234-b712-5e25224743c7,settled,966707fd-58f5-4315-bb77-8c31e07395ef,2026-05-05T09:45:00+00:00
BATCH_202605_048,1.33,idk_f534e4278e25,44130,2026-05-20T08:43:00+00:00,442.63,6a922a5b-7c92-423d-8791-5005614c3a60,settled,3c02316c-b06e-4230-b113-fd0a56acb1c0,2026-05-20T08:43:00+00:00
BATCH_202605_001,3.93,idk_c50c84254c71,130569,2026-05-23T05:22:00+00:00,1309.61,76e98759-689b-4fd1-979c-bd9a86e3ee83,settled,ff20d73d-0b1c-4b86-92fc-cdf4b0bfa81a,2026-05-23T05:22:00+00:00
BATCH_202605_044,2.45,idk_2c96c0cd29a8,81395,2026-05-09T06:25:00+00:00,816.4,277b5ee4-c357-4741-8a9b-64354a54ed6d,settled,4a13f2f5-3b5f-4744-b288-3a7df8ed83e0,2026-05-09T06:25:00+00:00
BATCH_202605_010,0.32,idk_3b60d5665df2,10603,2026-05-23T05:34:00+00:00,106.35,fdcf880f-5a9c-4ed1-b442-7a47de71a90a,settled,ced4145e-9e3b-470f-8037-8a2e4788bd19,2026-05-23T05:34:00+00:00
BATCH_202605_045,297.49,idk_1e99d665b1fd,9886545,2026-05-28T08:35:00+00:00,99162.94,ccefd28d-43a2-4654-bd9f-5905875ae460,settled,978e4330-58ae-4a75-a5f6-a91f782076db,2026-05-28T08:35:00+00:00
BATCH_202605_017,0.76,idk_39c2b7bbbe5a,25268,2026-05-04T05:03:00+00:00,253.44,7492594e-bffb-4a9c-8b65-a4e77cc9fc8a,settled,079b6cc7-a15a-4d19-8779-ac4e64268a51,2026-05-04T05:03:00+00:00
BATCH_202605_018,0.09,idk_b281324de8d2,3051,2026-05-28T10:08:00+00:00,30.595,1112b7cd-ae7d-4249-ba1d-903b5e7c3e44,settled,2f278f05-edd1-497d-9617-c5cb89f8bd57,2026-05-28T10:08:00+00:00
BATCH_202605_032,2.32,idk_35ad4a9c6142,77232,2026-05-22T08:18:00+00:00,774.64,faf4f5bc-917b-4981-93ad-a80fe776f641,settled,640613cb-defd-4c82-b053-6b97b2923b28,2026-05-22T08:18:00+00:00
BATCH_202605_043,430.85,idk_f5baf3e47614,14318715,2026-05-23T05:28:00+00:00,143618.0,4510a8fc-2ee1-4ad2-9ba9-3e6de8e7c12b,settled,452f47fd-e1ac-4652-b266-0f30c6825deb,2026-05-23T05:28:00+00:00
BATCH_202605_033,818.18,idk_5847d88a78f1,27190711,2026-05-05T08:27:00+00:00,272725.29,27902e1a-75b5-4216-90a4-f86a9104c601,settled,26764af9-49b9-49e3-8581-a8161390e9d6,2026-05-05T08:27:00+00:00
BATCH_202605_018,43.18,idk_d95a3a6ad0f4,1434877,2026-05-13T09:47:00+00:00,14391.95,bdf5393b-dfc0-470b-a6f7-9c23e6f5359c,settled,b56cd72e-afbf-4443-a218-3e4d80a79ee4,2026-05-13T09:47:00+00:00
BATCH_202605_011,4.26,idk_236488af9153,141688,2026-05-17T04:47:00+00:00,1421.14,16b00593-7fa8-466c-b085-2f624c550792,settled,3f741150-7f1f-4159-a1cf-3a9f31a3a7bd,2026-05-17T04:47:00+00:00
BATCH_202605_046,0.49,idk_baa4a5ac05d6,16144,2026-05-28T09:14:00+00:00,161.93,b4b0f2bf-748f-41d5-875a-3f78e09fc944,settled,7fb97f9a-a729-4e9e-b8a3-bcbe10264dbd,2026-05-28T09:14:00+00:00
BATCH_202605_039,2.43,idk_4efa2d66fa6b,80747,2026-05-17T09:42:00+00:00,809.9,91d4b36e-22db-46b1-991e-32a44e97422f,settled,b5693386-eefc-428f-8601-a1a7b080bcaf,2026-05-17T09:42:00+00:00
BATCH_202605_020,0.35,idk_ed39eb131a0c,11550,2026-05-12T10:24:00+00:00,115.85,f051699b-4812-42e7-9b3c-c4fea13465ab,settled,4b37005c-3fc5-446a-a0e9-08e3b5352b33,2026-05-12T10:24:00+00:00
BATCH_202605_035,57.32,idk_1e6a1495331f,1472825,2026-05-06T10:37:00+00:00,14728.25,05e0a785-7d88-4f88-9778-710f53e624f1,settled,36fc3c9b-2a3c-4dea-8ad0-cfff73eb57e3,2026-05-06T10:37:00+00:00
BATCH_202605_025,0.49,idk_f76f08f01e64,16339,2026-05-04T07:37:00+00:00,163.88,8c20fa3e-fb9d-43f7-b12e-fb1b7a86ae48,settled,6adb54f0-fe26-4e3d-ac12-cfb7a9d3a799,2026-05-04T07:37:00+00:00
BATCH_202605_007,925.18,idk_0c9731b049e7,30746872,2026-05-17T05:39:00+00:00,308393.9,0a4ae603-ab34-4883-a64f-60638c5e9d67,settled,e385f3b4-ea09-44f1-acac-baebc5a29650,2026-05-17T05:39:00+00:00
BATCH_202605_005,39.53,idk_5c3a44fd364e,1313697,2026-05-04T05:33:00+00:00,13176.5,d9777ca2-e4b2-4201-80ee-7da56593788b,settled,aaab298a-207b-4e10-b723-93463b1c3bd6,2026-05-04T05:33:00+00:00
BATCH_202605_035,3.97,idk_32bfa1a9cff6,131970,2026-05-14T05:01:00+00:00,1323.67,c582204a-83d9-4d8d-871f-85558d331c04,settled,09e144eb-d51c-4e54-87b1-87ded82d0611,2026-05-14T05:01:00+00:00
BATCH_202605_019,0.61,idk_c6bc4744c7ef,20379,2026-05-17T04:46:00+00:00,204.4,b5901855-18d3-493f-b980-b1b1e0fe764b,settled,9aa287a4-d101-4df4-977f-9f6f6994579e,2026-05-17T04:46:00+00:00
BATCH_202605_020,654.06,idk_cef836411d2e,21736596,2026-05-26T13:02:00+00:00,218020.02,0798541a-dece-4446-bc81-26e3e908f0e5,settled,ab71a64a-246a-4840-88aa-09c758924116,2026-05-26T13:02:00+00:00
BATCH_202605_012,338.91,idk_3a9db1055304,11263091,2026-05-09T09:43:00+00:00,112969.82,8d29c57f-5d0e-4237-91ed-d68a16b850f2,settled,495e02cc-89a9-488c-b70e-945b12b41c00,2026-05-09T09:43:00+00:00
BATCH_202605_017,5.72,idk_d65e4b57aa81,190059,2026-05-17T05:21:00+00:00,1906.31,77ab636a-ae2c-4037-a193-bdb6af2d90d6,settled,67534632-328b-42f4-b7a1-234fed993f7e,2026-05-17T05:21:00+00:00
BATCH_202605_038,96.98,idk_5d78f647361e,3222981,2026-05-23T05:11:00+00:00,32326.79,873a22b1-b703-42b0-83c2-a5337080ebd1,settled,5c36eec4-7322-473a-894a-11ee80110d45,2026-05-23T05:11:00+00:00
BATCH_202605_019,1.38,idk_c86f2f2ed2ec,45793,2026-05-29T04:22:00+00:00,459.31,67e96ce5-49ea-4ebb-a5ac-5d87cf02f851,settled,32295ee1-5b9e-44b6-a86f-99992e670842,2026-05-29T04:22:00+00:00
BATCH_202605_019,542.57,idk_109cb161747c,18031440,2026-05-30T12:10:00+00:00,180856.97,625447c6-b67e-40eb-9ef3-8bd67edf8e03,settled,7f43aaf6-7f00-4603-9bf8-d7752db4090f,2026-05-30T12:10:00+00:00
BATCH_202605_041,31.49,idk_e0e56fda02be,1046367,2026-05-24T14:56:00+00:00,10495.16,7c18e55f-ddcb-4ac0-8a3c-b0bcd3f40de1,settled,fd18ad97-02bd-464a-91cd-bcba3dfa0dae,2026-05-24T14:56:00+00:00
BATCH_202605_019,1.8,idk_6816fb8a69d4,59807,2026-05-16T10:30:00+00:00,599.87,9263a476-68f7-4dfe-b41d-d95cfc426376,settled,07c95034-e2f5-445c-b10b-fd9b7800bfe6,2026-05-16T10:30:00+00:00
BATCH_202605_017,1.3,idk_798d34b5a6a8,43117,2026-05-20T10:39:00+00:00,432.47,fa710b5c-b8a8-46b3-bc4f-4d21a93b4809,settled,59db92e2-2c37-4a7e-ae0a-8fa12f6d9025,2026-05-20T10:39:00+00:00
BATCH_202605_026,735.15,idk_b8684eb41572,24431595,2026-05-06T06:02:00+00:00,245051.1,108a40c4-4a05-4d4f-b7d7-50051e6ebbb3,settled,e953d536-2f78-43a7-b7dd-fb4fc052a6dd,2026-05-06T06:02:00+00:00
BATCH_202605_048,679.39,idk_4b37ce096113,22578278,2026-05-14T08:41:00+00:00,226462.17,b1bc9518-a9ec-409f-82d6-ca1626fd9c12,settled,2455fe96-c64c-441e-9173-1b103045201a,2026-05-14T08:41:00+00:00
BATCH_202605_036,73.46,idk_6c8c45ec2996,2441454,2026-05-13T03:21:00+00:00,24488.0,a79db956-2203-4ed6-bd6f-8cd8cd5bc042,settled,f3a8e8b5-3533-4858-82bc-bb0e809317c6,2026-05-13T03:21:00+00:00
BATCH_202605_003,2.3,idk_76e11bbfb904,76539,2026-05-28T09:26:00+00:00,767.69,a8bdbcec-73e2-4d82-b00b-1598ddca8cb4,settled,9d0abce9-9657-4486-8f56-0ee7eb6a7c90,2026-05-28T09:26:00+00:00
BATCH_202605_048,323.28,idk_4a1bb6b81478,10743558,2026-05-09T05:31:00+00:00,107758.86,fdc62a1c-d7e4-4e4b-8557-a0b800964234,settled,5d52ec73-01d9-42a8-938b-2f05e28f8ae9,2026-05-09T05:31:00+00:00
BATCH_202605_018,49.75,idk_c17b96a9ebc8,1653203,2026-05-06T08:13:00+00:00,16581.78,12f8a21e-f2d3-4406-9d7a-041aa0810941,settled,e5aa55aa-2dbb-4c42-aea4-cdc4da694020,2026-05-06T08:13:00+00:00
BATCH_202605_042,0.13,idk_90b442348e74,4322,2026-05-16T08:13:00+00:00,43.35,33623df8-c577-4801-9a7b-21e12316c0ce,settled,6568ae58-7e1d-42f6-9db8-bed377ead720,2026-05-16T08:13:00+00:00
BATCH_202605_002,1.26,idk_90af85ce09db,41950,2026-06-01T04:49:00+00:00,420.76,224f0dc7-d4db-44f1-beb1-400b464ce143,settled,ae34a07b-a264-4274-978d-e3a17ab6d78f,2026-06-01T04:49:00+00:00
BATCH_202605_022,2.46,idk_a68e62791cd2,81823,2026-05-27T05:44:00+00:00,820.69,e58466f7-e893-43a6-9bf5-ca99e64a6614,settled,b6838167-a1de-473f-9aba-6437d022fe9b,2026-05-27T05:44:00+00:00
BATCH_202605_043,93.88,idk_808bebd34bd0,3120015,2026-05-29T05:41:00+00:00,31294.03,b0ec3fec-5a60-4bf5-a9f1-2c10f14ff244,settled,1667e6f7-bc0f-47d5-bba6-ca6012594046,2026-05-29T05:41:00+00:00
BATCH_202605_048,24.93,idk_0e72b21f06c4,828539,2026-05-09T08:08:00+00:00,8310.32,d7e294fb-dd4a-49b9-8055-8c1fdf37365b,settled,996b5bf0-8995-4586-abea-574cc8825bab,2026-05-09T08:08:00+00:00
BATCH_202605_043,1.34,idk_f51610789f44,44601,2026-05-05T10:21:00+00:00,447.35,954379a3-7496-47d3-9ef4-3fed900bf5be,settled,3693c1e8-6fc3-4d2c-8e34-8b88bc84eb23,2026-05-05T10:21:00+00:00
BATCH_202605_029,0.3,idk_ba605aab84d5,10058,2026-05-18T09:50:00+00:00,100.88,f086c29b-4286-437a-b1cc-23f745a999c2,settled,8f104bc2-2b2d-44c8-b755-a671d70edf95,2026-05-18T09:50:00+00:00
BATCH_202605_025,0.35,idk_35c94d4e1198,11475,2026-05-07T10:47:00+00:00,115.1,2357d0bd-7831-4ac0-9862-7a2f13355a42,settled,37c113db-8de8-4ba1-a117-08b580c5a882,2026-05-07T10:47:00+00:00
BATCH_202605_050,472.12,idk_c00922331d42,15690028,2026-05-15T03:14:00+00:00,157372.4,3a0a0075-0a64-4e75-8bed-cadbe765fe28,settled,b91b0a95-7880-4adb-9f44-97d2e22b530d,2026-05-15T03:14:00+00:00
BATCH_202605_007,3.62,idk_6e24b4a92a11,120198,2026-05-09T08:59:00+00:00,1205.6,50cc2447-315e-4f74-a320-8ffb6d5a2790,settled,2a5bea97-c707-4357-a384-a70264a9fb73,2026-05-09T08:59:00+00:00
BATCH_202605_028,1.06,idk_0b08313a9d9b,35294,2026-05-06T09:11:00+00:00,354.0,08e42a7a-883b-4f4c-9c2d-de35b9daefab,settled,c6597592-8335-4820-8931-9304216f6a67,2026-05-06T09:11:00+00:00
BATCH_202605_023,8.56,idk_eae9ee53c244,284325,2026-05-03T10:42:00+00:00,2851.81,9bcd83c7-6487-48c2-bb98-c215fa093537,settled,98025abc-fc4b-47b8-9d5b-de72d741f44f,2026-05-03T10:42:00+00:00
BATCH_202605_033,98.84,idk_c7a5f616f6a6,3284817,2026-05-25T08:45:00+00:00,32947.01,ae78e50a-e0a2-4eeb-8feb-d3b9d0bdf5a3,settled,3a381c8e-ab3a-4f3a-bbd6-e74053749573,2026-05-25T08:45:00+00:00
BATCH_202605_028,1.98,idk_77f40cd7eff6,65779,2026-05-13T08:14:00+00:00,659.77,132875ad-d7c5-40e3-a501-fb900e943925,settled,77e8d06e-3959-4062-a0aa-135e0bde5193,2026-05-13T08:14:00+00:00
BATCH_202605_049,62.42,idk_ef4cf016c112,2074342,2026-05-21T12:24:00+00:00,20805.84,01cfbed2-71b4-4376-bd2c-58ebea12358c,settled,5e111fe3-d911-48d2-83b7-d69a83699128,2026-05-21T12:24:00+00:00
BATCH_202605_034,4.84,idk_c7e57add6715,160691,2026-05-04T04:47:00+00:00,1611.75,d1813ec2-dd37-4082-8a1a-257a8208e62b,settled,3f6d6a8c-8628-43af-bf98-953105fc37da,2026-05-04T04:47:00+00:00
BATCH_202605_004,1.27,idk_4e9fa6246648,42186,2026-05-11T08:56:00+00:00,423.13,e7f2a7d1-6db6-4698-b940-2f8ce27cae7f,settled,184ad56d-45fe-4cc2-baa4-48aeac9df631,2026-05-11T08:56:00+00:00
BATCH_202605_008,0.53,idk_37cf04c560f5,17776,2026-05-18T09:33:00+00:00,178.29,52c8c95d-f3ac-4bd9-8303-53285d127946,settled,3dc86bed-f43f-43c3-b535-105539ca12d3,2026-05-18T09:33:00+00:00
BATCH_202605_014,1.97,idk_b4337bb4e93f,65314,2026-05-03T09:45:00+00:00,655.11,ffed020c-9b99-413a-b556-4ceed1d00b44,settled,a9383c7e-493d-4793-adca-c0f71f1b31ab,2026-05-03T09:45:00+00:00
BATCH_202605_046,65.98,idk_ac5d0c8402ca,2192687,2026-05-02T09:34:00+00:00,21992.85,59f94810-05de-4886-8c0f-538689314757,settled,6959aea7-407d-4222-9886-d4d5f1c373d4,2026-05-02T09:34:00+00:00
BATCH_202605_005,1.91,idk_b369fe191f53,63549,2026-05-04T08:09:00+00:00,637.4,0853504c-839a-470f-8c6f-886b796eca6e,settled,33676dfd-ccc1-42fb-9cb4-6b574a8e63db,2026-05-04T08:09:00+00:00
BATCH_202605_011,54.03,idk_0c17f210c408,1795448,2026-05-24T08:14:00+00:00,18008.51,d3d6e25f-0193-4a19-a80a-32220ade870e,settled,ec758f95-be0c-4d9c-bc73-4f535c9c6d66,2026-05-24T08:14:00+00:00
BATCH_202605_026,92.81,idk_3b47ccaf6fde,3084261,2026-05-13T10:01:00+00:00,30935.42,e49a4d5a-5637-4641-8c3f-2010c5b79ec2,settled,c7e2872c-d3c2-4c10-98e6-bb0f6ed014c7,2026-05-13T10:01:00+00:00
BATCH_202605_033,1.22,idk_a63654759a15,40513,2026-05-09T05:11:00+00:00,406.35,4f06a0df-0f23-4f34-b0f1-0c98691af65d,settled,4a57cbf8-b385-4610-b332-586c204e4716,2026-05-09T05:11:00+00:00
BATCH_202605_012,2.69,idk_3f9adb288e21,89411,2026-05-28T05:22:00+00:00,896.8,86331fc3-095e-4f04-82c8-0d001a191862,settled,93325e7e-3eeb-4fb2-bb7b-5ae11310ecf0,2026-05-28T05:22:00+00:00
BATCH_202605_044,4.23,idk_0094d17ecc6b,140568,2026-06-01T09:55:00+00:00,1409.91,3479c417-38f1-4445-9558-7c458a883fd8,settled,aaac57a0-23e2-4065-8674-69f5a0b35f8e,2026-06-01T09:55:00+00:00
BATCH_202605_041,523.71,idk_0e7f66cf5e8d,17404482,2026-05-12T08:16:00+00:00,174568.525,088ab029-acc0-4297-8ac6-96168664bf8d,settled,48c140e7-2767-44fa-8d55-9ec27b8521b7,2026-05-12T08:16:00+00:00
BATCH_202605_019,1.08,idk_abb21850e961,35923,2026-05-04T09:35:00+00:00,360.31,2a61f0d5-811c-4a3d-9875-28f3094f2989,settled,03332c0e-f1de-410b-a2f5-d44a82efa56f,2026-05-04T09:35:00+00:00
BATCH_202605_037,2.07,idk_33d38dd0f1b1,68664,2026-05-21T11:04:00+00:00,688.71,d937f7db-6816-4821-80df-2a4430b6d962,settled,bbd4fc7b-184f-4115-a117-769e3406e5c2,2026-05-21T11:04:00+00:00
BATCH_202605_003,31.7,idk_b336627e98f0,1053508,2026-05-30T08:52:00+00:00,10566.78,2602a96e-587f-4ce7-9421-f14132058122,settled,f26af2f9-880e-4a15-9796-f7439dcbf1aa,2026-05-30T08:52:00+00:00
BATCH_202605_050,1.29,idk_0ea592ba6fe9,42804,2026-05-21T08:30:00+00:00,429.33,57f9c11f-62c1-4f8e-b244-578371f10d49,settled,04cdbb6c-a9ee-42a6-afb3-4419ece2df2d,2026-05-21T08:30:00+00:00
BATCH_202605_017,2.84,idk_6ef1ed92b3b4,94291,2026-05-12T08:13:00+00:00,945.75,3d96f07c-eefd-451d-a4f8-f8378657e968,settled,0d828ae3-2814-43cf-9520-9ae503c017b9,2026-05-12T08:13:00+00:00
BATCH_202605_026,80.08,idk_03dda66a793d,2661314,2026-05-23T08:26:00+00:00,26693.22,d91b729c-1921-4287-adc6-9906013aa348,settled,b6d470b6-49c4-4557-b973-9f1771ef869f,2026-05-23T08:26:00+00:00
BATCH_202605_048,2.05,idk_fddd36fdafc3,68180,2026-05-15T08:59:00+00:00,683.85,a1829cbe-0eb0-42d1-8073-77ef9d929552,settled,ce97f2ce-25b4-4df1-82fc-bf9eabbed14d,2026-05-15T08:59:00+00:00
BATCH_202605_013,605.9,idk_f084b65a3acf,20136175,2026-05-14T05:20:00+00:00,201967.65,acda0077-5eae-4071-8143-432cb8e08aef,settled,e0f80b7d-9e13-4ee0-bdef-42f56f013239,2026-05-14T05:20:00+00:00
BATCH_202605_040,0.58,idk_1066c80e7ec4,19113,2026-05-21T05:17:00+00:00,191.71,5dc459db-baf0-4df9-a702-4b86679fa563,settled,2e6be5ba-f93d-4b6c-be30-812d971b7124,2026-05-21T05:17:00+00:00
BATCH_202605_049,24.4,idk_6a03b19d7a3d,810781,2026-05-13T12:22:00+00:00,8132.21,d955c4ab-2d4d-40f9-a577-003ab67d62a0,settled,804a869d-6abb-4909-be4a-674c2618f9d5,2026-05-13T12:22:00+00:00
BATCH_202605_029,40.2,idk_54f6d9dd3a97,1335957,2026-06-01T05:30:00+00:00,13399.77,2c9e2478-a9ac-4dce-a24d-e3f464d4dbf2,settled,6f5dadfe-6df6-428d-97c5-6db67e9cfb0e,2026-06-01T05:30:00+00:00
BATCH_202605_004,0.92,idk_5c270f1228b5,30707,2026-05-16T05:58:00+00:00,307.99,1001c05d-55ab-4d6a-9219-7425e28a9d06,settled,ea9c9ceb-6638-4ff3-a425-6f055573da7f,2026-05-16T05:58:00+00:00
BATCH_202605_029,4.75,idk_14c48361e1e8,157849,2026-05-24T04:25:00+00:00,1583.24,832a1348-3ff2-4e81-828f-32d3abfc7154,settled,40900c3b-83da-4520-8ba2-71ac22346bdf,2026-05-24T04:25:00+00:00
BATCH_202605_016,262.83,idk_5024709035a8,8734748,2026-05-31T04:33:00+00:00,87610.31,fbbb5019-f739-4dbf-95ea-9cad86c36aa3,settled,9a303e8e-cf9a-4046-95ca-02d23e738ad2,2026-05-31T04:33:00+00:00
BATCH_202605_031,0.72,idk_409aa73b4466,23772,2026-06-01T08:57:00+00:00,238.44,35ff0e22-2150-47c7-a22d-c1d9d560ff54,settled,3a4ecfa5-8a1b-4d67-abda-852252d5e9f7,2026-06-01T08:57:00+00:00
BATCH_202605_039,42.67,idk_9b9fbaed52a0,1418040,2026-05-03T06:00:00+00:00,14223.07,16668f91-7607-40fe-ac3d-56fcab02e45c,settled,b53a0a2c-1987-4936-ad93-6c701834db39,2026-05-03T06:00:00+00:00
BATCH_202605_005,0.71,idk_2ab2dd38b802,23558,2026-05-05T05:33:00+00:00,236.29,1d9d155f-db80-4b65-89fc-258055f7037b,settled,a1f69844-a01b-42a5-afa9-dbb615f44593,2026-05-05T05:33:00+00:00
BATCH_202605_001,5.96,idk_b55cea92b82c,197919,2026-05-22T10:22:00+00:00,1985.15,8d205dd9-e41f-4a69-89b1-ce2551dfa162,settled,b9512d2a-a0f9-48b7-babc-9857ca01c18a,2026-05-22T10:22:00+00:00
BATCH_202605_033,0.81,idk_e3a0d93b2d5a,27079,2026-05-23T10:30:00+00:00,271.6,e39ce56b-2a37-4913-882f-0efc385cde52,settled,89c47555-f859-4aaa-803b-adaa87850f13,2026-05-23T10:30:00+00:00
BATCH_202605_002,45.36,idk_b93086f87d13,1507526,2026-05-17T02:31:00+00:00,15120.62,a47d5d73-e028-4390-9e76-b34da68b84da,settled,8a5f48e0-62fe-4796-8fe0-19a64701b8e0,2026-05-17T02:31:00+00:00
BATCH_202605_023,0.69,idk_c23490b2a8d9,22804,2026-05-22T10:54:00+00:00,228.73,79aabfc9-46fb-4a22-9e1c-265152800eb7,settled,cb60a9c6-dd20-4d8d-a462-3872135c2775,2026-05-22T10:54:00+00:00
BATCH_202605_005,2.53,idk_07856a576958,83982,2026-05-24T09:37:00+00:00,842.35,c446a2d9-7574-41fc-aaf5-445806c40f27,settled,aa6cbb3d-2ec6-4508-a6dc-e5f05674471f,2026-05-24T09:37:00+00:00
BATCH_202605_013,80.39,idk_a195c4c8f566,2671590,2026-05-19T10:37:00+00:00,26796.29,713e27d2-01a9-47c2-8b92-46159117d489,settled,47abda32-9c9b-4cf7-b72b-77124bf76451,2026-05-19T10:37:00+00:00
BATCH_202605_022,2.01,idk_b81cac2803d1,66893,2026-05-15T09:54:00+00:00,670.94,e58c9479-c876-44c8-9c4e-a496a0efd97d,settled,dfc66a1a-0793-42f8-ad72-31c69b86b2ac,2026-05-15T09:54:00+00:00
BATCH_202605_028,447.09,idk_6e4383a242d9,14858385,2026-05-27T08:58:00+00:00,149030.94,c1239390-337d-4137-aada-8bf2701fd7e0,settled,84adbecd-10ec-4181-b568-5cdf4182cce9,2026-05-27T08:58:00+00:00
BATCH_202605_046,3.97,idk_5fec092f7eae,131936,2026-05-05T08:49:00+00:00,1323.33,b73d9cb9-2301-436b-8f06-65e5b83c1bff,settled,4a54de88-9743-4156-98d7-1402448763bb,2026-05-05T08:49:00+00:00
BATCH_202605_004,2.24,idk_5965028aa695,74489,2026-05-27T10:34:00+00:00,747.13,4baf477d-acbf-4676-b932-1909a18e7299,settled,fe1a73d9-aaea-4709-9184-94aa3658d881,2026-05-27T10:34:00+00:00
BATCH_202605_029,2.02,idk_a9c23007e13c,67050,2026-05-25T05:08:00+00:00,672.52,4fcff060-d274-4977-a026-0370a0f42f96,settled,9a2818ea-fb7d-458f-967b-1bc34d273c88,2026-05-25T05:08:00+00:00
BATCH_202605_010,0.05,idk_74bd3887f868,1600,2026-05-22T08:31:00+00:00,16.05,a14c8a05-2e1e-4749-bf58-d1d101e6b643,settled,22a0b885-fd22-4a82-988f-aeee2ed45fea,2026-05-22T08:31:00+00:00
BATCH_202605_018,93.91,idk_60188b7121d7,3120882,2026-05-04T05:40:00+00:00,31302.73,02dbbd43-786d-473d-ad9a-12b9b6cbded9,settled,1342c5bc-7f8b-41f3-b883-4e006364bfd5,2026-05-04T05:40:00+00:00
BATCH_202605_019,1.5,idk_1de455d046a7,43781,2026-05-07T08:52:00+00:00,437.82,45bfb8ce-8845-44fc-a015-6394e170730f,settled,a8033490-1bba-452d-affe-91fc684c8b74,2026-05-07T08:52:00+00:00
BATCH_202605_045,81.57,idk_29a24827b6a3,2710799,2026-05-20T09:01:00+00:00,27189.56,8b0ef26a-60ec-4d6e-93c6-550b2803d0b4,settled,06b6ac89-348a-4657-8f55-e879a6d9508b,2026-05-20T09:01:00+00:00
BATCH_202605_036,3.41,idk_ee3711ee171d,113243,2026-05-08T05:22:00+00:00,1135.84,cd617b11-c027-44df-81a2-00521b056520,settled,fd65ebe0-0381-4fbe-a156-f101039e9cf4,2026-05-08T05:22:00+00:00
BATCH_202605_005,0.56,idk_21e4b060e780,18518,2026-05-26T10:33:00+00:00,185.74,66e66632-41d6-41a7-aaa3-903638475e04,settled,6a55c3d1-b733-425c-a04e-d598f3002a72,2026-05-26T10:33:00+00:00
BATCH_202605_041,1.14,idk_3021b67a479e,38008,2026-05-24T08:15:00+00:00,381.22,a45d2e3b-2dae-4729-b642-6a85eb16cb29,settled,beb07f35-8798-4744-bcce-1a25c227ab8d,2026-05-24T08:15:00+00:00
BATCH_202605_046,2.29,idk_46aa39520d96,76018,2026-05-31T10:16:00+00:00,762.47,c47865c0-63b5-447e-90e6-2c61162a2380,settled,16b6d492-4c29-497e-8a9a-d432618d0f69,2026-05-31T10:16:00+00:00
BATCH_202605_009,5.38,idk_c54483728df6,178669,2026-05-29T08:19:00+00:00,1792.07,67f04092-0d35-4ece-8ee1-4932ca8b91cf,settled,bff78699-b7fd-406c-9545-0271b81ac495,2026-05-29T08:19:00+00:00
BATCH_202605_039,1.78,idk_fea2f5affbf5,59279,2026-05-07T10:16:00+00:00,594.57,683a3354-5dad-4ab2-a685-11fcc802220f,settled,388207f8-52e5-40d8-9be1-54e72c41ae36,2026-05-07T10:16:00+00:00
BATCH_202605_019,1.0,idk_a2119678bdfa,33107,2026-05-15T11:08:00+00:00,332.07,eaf96409-6d65-4775-b7d4-9b32bb69427f,settled,54069ed5-20be-4773-8852-713223b6b0aa,2026-05-15T11:08:00+00:00
BATCH_202605_029,1.05,idk_0a1062e106d2,34790,2026-05-23T08:36:00+00:00,348.95,ae42f174-e313-4691-9625-92bd9f0619da,settled,bae45752-ada7-45e9-9f77-57f0b015d766,2026-05-23T08:36:00+00:00
BATCH_202605_026,1.39,idk_10c70eae1e54,46296,2026-05-12T08:53:00+00:00,464.35,089e1ab5-fb39-4849-a3b5-ec09674447e8,settled,32b918ca-39b2-4bff-b63a-504b3ddcd15e,2026-05-12T08:53:00+00:00
BATCH_202605_004,1.0,idk_29e3b5773f2a,33238,2026-05-09T04:24:00+00:00,333.38,c16a0e26-8f76-4189-afdf-0254088df035,settled,a53c2828-f89e-44bf-ac03-25c88c303785,2026-05-09T04:24:00+00:00
BATCH_202605_049,0.99,idk_41f9380d8a16,32972,2026-06-01T09:06:00+00:00,330.71,97135d1f-5c94-4143-9de7-eb82b176e961,settled,5cbe826e-ebd1-470f-b2f7-eb0bbe61322c,2026-06-01T09:06:00+00:00
BATCH_202605_019,4.22,idk_1f0474779c66,140342,2026-06-01T05:20:00+00:00,1407.64,9aaca5cf-ed5b-464e-bc38-d8e80d50ab77,settled,95d016c4-d0ff-4fbe-a723-5a7bc11e6be8,2026-06-01T05:20:00+00:00
BATCH_202605_017,6.84,idk_e9aed2238eb0,227403,2026-05-11T05:01:00+00:00,2280.87,dd02309e-ea59-4c93-9ce9-2f106460ba93,settled,7a39c2c5-860d-4464-a7cb-9ddc27c58090,2026-05-11T05:01:00+00:00
BATCH_202605_025,69.06,idk_920287a12b19,2295148,2026-05-03T10:19:00+00:00,23020.54,6f129c82-9492-43d3-b811-e2c848080316,settled,5ec0d5c2-9177-4a8b-a311-d369de3f2487,2026-05-03T10:19:00+00:00
BATCH_202605_022,2.48,idk_75ad078c945c,82502,2026-05-23T04:15:00+00:00,827.495,3824d06f-4975-426d-9320-4b81a3a01fb8,settled,9cdcce03-44cf-4daa-ae64-eb2e97e4469c,2026-05-23T04:15:00+00:00
BATCH_202605_022,1.21,idk_f3f636a575d0,40184,2026-05-18T10:09:00+00:00,403.05,9c9222b9-dd0b-46e2-9540-fa33503329c4,settled,7715689b-4644-42c8-938d-9ac00815dfa9,2026-05-18T10:09:00+00:00
BATCH_202605_040,46.06,idk_08828423c8dc,1530880,2026-05-18T09:06:00+00:00,15354.86,ca58aca2-a0e9-41a7-b56e-96e1305eba60,settled,fd22e4fc-1dbe-49a4-9d00-76e5d8451982,2026-05-18T09:06:00+00:00
BATCH_202605_002,32.96,idk_d159e9e24622,1095338,2026-05-18T09:52:00+00:00,10986.34,bb020dcf-92f4-453f-bf1f-5bccb549d7ef,settled,40fa6c48-92c2-44c7-94c6-331f0ad2524b,2026-05-18T09:52:00+00:00
BATCH_202605_042,2.64,idk_8c753ae75e12,87726,2026-05-29T13:08:00+00:00,879.9,5311d8d5-c924-41ab-a0c7-9849cfceafb8,settled,678e28f2-f956-42d3-b313-f45bbcd3ae65,2026-05-29T13:08:00+00:00
BATCH_202605_050,88.21,idk_079572a68a61,2931385,2026-05-04T09:17:00+00:00,29402.055,de3e9eb3-58de-4329-b706-59a027abbe23,settled,5f39fe76-a4c7-40ff-b5af-1fa7d756c8a7,2026-05-04T09:17:00+00:00
BATCH_202605_048,35.9,idk_05863439d60d,1192997,2026-05-08T10:56:00+00:00,11965.87,48941ece-d048-4bc6-bd63-ac96885b1e93,settled,a2b50b04-9ef0-449f-a26b-9463c0e69563,2026-05-08T10:56:00+00:00
BATCH_202605_030,69.88,idk_6a5ed2eda3fa,2322211,2026-05-14T09:40:00+00:00,23291.99,fa74df66-35c3-4218-bdd7-deefd179e3d1,settled,29e58d34-5c3d-4d94-b920-1f1936f6a107,2026-05-14T09:40:00+00:00
BATCH_202605_031,364.96,idk_3b02d2b41217,12128927,2026-05-29T13:48:00+00:00,121654.23,0c12cc4a-b509-40bf-8e4d-2f96d89bc7fd,settled,8adf9616-76d1-4b74-a2b2-24eaaf159841,2026-05-29T13:48:00+00:00
BATCH_202605_021,0.68,idk_56a7ee7e321e,22687,2026-06-02T08:52:00+00:00,227.55,c552a673-e037-4247-966c-9852748e4d96,settled,99a86449-03bf-4382-9f5b-57fc5fd76d2b,2026-06-02T08:52:00+00:00
BATCH_202605_026,5.33,idk_12fffeb0bf3b,176997,2026-05-10T04:43:00+00:00,1775.3,3735ad9b-ecdf-4237-8ff6-d051c5b8cc0c,settled,9d83e058-c483-4288-a039-57712f0645c2,2026-05-10T04:43:00+00:00
BATCH_202605_013,33.24,idk_ff059dbe94bd,1104820,2026-05-04T09:48:00+00:00,11081.44,d3a0603e-5fbd-4ad7-8b92-2339241db3f3,settled,0d4e60e8-03b7-4fc9-8544-41ced9e38102,2026-05-04T09:48:00+00:00
BATCH_202605_043,26.28,idk_7bb91fd1f8fb,873359,2026-05-06T10:54:00+00:00,8759.87,6855b717-03b3-44d1-8548-40562dbb842a,settled,1a30fed2-b51e-485a-8880-dd1a99c11a8b,2026-05-06T10:54:00+00:00
BATCH_202605_001,331.13,idk_cc40020e6014,11004670,2026-05-16T07:37:00+00:00,110377.83,93b73c02-7270-44c5-9b76-5c491659d5f7,reversed,98b75db0-19ac-48cd-b8aa-bd47da52df03,2026-05-16T07:37:00+00:00
BATCH_202605_042,1350.27,idk_a172697dfdbd,44873928,2026-05-17T05:55:00+00:00,450089.55,f0835567-987b-4fa4-9421-560816a7ddf7,settled,87151c8d-5321-4bff-a3d6-a825504aede4,2026-05-17T05:55:00+00:00
BATCH_202605_012,4.33,idk_a76c9dbbf175,143986,2026-05-20T14:01:00+00:00,1444.19,262c0f6d-9f6d-449a-9bef-c5651d1256a6,settled,ca7aef5d-b600-40ff-8b1b-8554d8a63d34,2026-05-20T14:01:00+00:00
BATCH_202605_022,2.44,idk_55896df36ee3,81021,2026-06-01T04:07:00+00:00,812.65,13ac2621-f3e7-4489-a8b7-595c94c96595,settled,9863c616-1406-48c7-93bd-d7c72a7c0565,2026-06-01T04:07:00+00:00
BATCH_202605_047,1.31,idk_815b1848da2b,43512,2026-05-18T08:19:00+00:00,436.43,1a5a27dd-7d85-498a-bf3e-2ecafdcf59c3,settled,27410851-829a-40d0-a6e3-0a348c35e9e9,2026-05-18T08:19:00+00:00
BATCH_202605_040,1.0,idk_4ed507bddfee,33104,2026-05-12T08:43:00+00:00,332.04,ed837d68-605e-409e-911d-cfe01537eb57,settled,f3f29c68-f69b-4bbe-84de-f97b4a034baa,2026-05-12T08:43:00+00:00
BATCH_202605_017,45.78,idk_9d94802f1efa,1521479,2026-05-05T05:37:00+00:00,15260.57,a4dc5c83-6a12-48b0-a0c7-ce913d1c3ca6,settled,59396f3c-a8a4-467e-bb09-a15e5472612d,2026-05-05T05:37:00+00:00
BATCH_202605_045,1.36,idk_6429de550f6d,45118,2026-05-11T11:43:00+00:00,452.54,a43a8443-6bb1-4e03-9c64-4c7692c767f8,settled,70e445c5-499c-41c1-a0f7-22a106d9a24d,2026-05-11T11:43:00+00:00
BATCH_202605_020,2.31,idk_dc57518567ea,76688,2026-05-15T11:06:00+00:00,769.19,2a95daa8-fbb2-4214-bc5e-ee0204a57530,settled,61f30c9f-90cd-42c2-9cb6-e53844c3a496,2026-05-15T11:06:00+00:00
BATCH_202605_027,37.78,idk_16debdf0d363,1255427,2026-05-06T05:36:00+00:00,12592.05,2de191ac-2831-4414-9348-b5573b4a5116,settled,2ccb19f1-4e48-4548-954b-1fb83f0005fc,2026-05-06T05:36:00+00:00
BATCH_202605_005,104.57,idk_3a03e3f3547b,3475238,2026-05-30T04:40:00+00:00,34856.95,de42012b-41ea-4d71-9aa1-5fb63d484be7,settled,6ac0263a-1e1a-4769-ac38-f1ffaba10622,2026-05-30T04:40:00+00:00
BATCH_202605_014,693.95,idk_534b4ff885ae,23062134,2026-05-06T09:01:00+00:00,231315.29,437c7715-0ed7-4f87-81c1-05bb82e7d2ee,settled,505b5154-75a3-4d83-890e-b081b1a08419,2026-05-06T09:01:00+00:00
BATCH_202605_004,40.16,idk_2a5b444dc695,1334729,2026-05-27T09:15:00+00:00,13387.45,7df4b790-a8bc-4ae2-86cb-a00bc7b133be,settled,110604ef-7bf8-47b7-bc97-b4c64fbbd9c8,2026-05-27T09:15:00+00:00
BATCH_202605_028,2.11,idk_0166cd18e6a9,70228,2026-05-14T04:54:00+00:00,704.39,67425d20-fd56-4032-a724-8f29085f9e17,settled,5344cde6-775d-443f-a1da-e869d88fd142,2026-05-14T04:54:00+00:00
BATCH_202605_029,0.87,idk_943cfa031c70,29010,2026-05-23T13:33:00+00:00,290.97,7fa17807-82a8-454a-ac29-5c8804ec32f4,settled,e8d9c1c3-01b8-4691-9a19-808c3afa354e,2026-05-23T13:33:00+00:00
BATCH_202605_035,87.99,idk_ae9644bac6f0,2924318,2026-06-01T05:48:00+00:00,29331.17,8666703f-deb3-49ea-8665-8e33ad4f246e,settled,d4f312b8-1f10-448f-86de-a97ba8fb8fa7,2026-06-01T05:48:00+00:00
BATCH_202605_015,9.88,idk_9169e48e5009,328215,2026-05-16T12:41:00+00:00,3292.03,0edde370-4a62-4f54-9784-6d5805e61eeb,settled,0a429df8-4872-4f80-949d-343734a7fe9f,2026-05-16T12:41:00+00:00
BATCH_202605_050,1.12,idk_e62abb9e35f7,37246,2026-05-30T04:09:00+00:00,373.58,2695d7c2-b291-47fa-b2d5-df2667663396,settled,c4e0c249-54ff-4242-ae06-5d2ea912f43b,2026-05-30T04:09:00+00:00
BATCH_202605_004,698.35,idk_54a15bc9c256,23208470,2026-05-06T04:35:00+00:00,232783.05,0fe78a74-93c3-460a-93ee-599ed38e63cf,settled,ba05b04f-cac0-440a-b222-569be7b5742c,2026-05-06T04:35:00+00:00
BATCH_202605_047,0.49,idk_2dab52757af8,16348,2026-05-08T04:15:00+00:00,163.97,d51a3142-4ea5-43d4-bf94-b0b8a5c12927,settled,e2fc9b86-046e-4d0c-ab6a-c130e26b4f82,2026-05-08T04:15:00+00:00
BATCH_202605_015,2.39,idk_3d4518a4bdc1,79557,2026-05-12T09:03:00+00:00,797.96,1061d7bd-ac72-4132-8895-bc183abe3edb,settled,62aec60d-800e-476a-945d-982ce595a7b7,2026-05-12T09:03:00+00:00
BATCH_202605_004,0.75,idk_29f945d4d056,24850,2026-05-30T05:47:00+00:00,249.25,fc64ae5f-542f-4af1-903b-e08c42e18305,settled,5b4335c4-a5a7-4e0f-ba51-4dc28c90446a,2026-05-30T05:47:00+00:00
BATCH_202605_016,644.9,idk_54822f84dd56,21432209,2026-05-15T08:31:00+00:00,214966.99,b1cafe95-a01d-4726-9e05-37125c03ef98,settled,e8b8e170-9902-43f2-b717-47479b1ef6ea,2026-05-15T08:31:00+00:00
BATCH_202605_009,22.32,idk_02e6d696f224,741605,2026-05-16T10:33:00+00:00,7438.37,9d2dbbf4-3d53-4c0c-ba91-f3ccabb2ad62,settled,d768c73c-129a-4ec9-be21-2c4f8ad5584a,2026-05-16T10:33:00+00:00
BATCH_202605_018,0.91,idk_3607ec9de16f,30173,2026-05-31T04:41:00+00:00,302.64,d1da28e1-6173-4685-92a3-488e45e14191,settled,fd9dafc9-3d2c-467a-b4c7-317c16aebdd9,2026-05-31T04:41:00+00:00
BATCH_202605_014,1.74,idk_3fb0702b078e,57917,2026-05-08T10:53:00+00:00,580.91,9321e747-572f-4ddc-bf4b-fb4ca3f10d60,settled,e7e9ca91-6de7-4d41-9256-d3af2b52fcf8,2026-05-08T10:53:00+00:00
BATCH_202605_035,23.03,idk_4c574d9a84fb,765450,2026-05-14T10:27:00+00:00,7677.53,2a719157-479b-48cc-b8c0-90cc2e73edda,settled,9cd20a39-417c-4ffc-ae72-b9a12487003d,2026-05-14T10:27:00+00:00
BATCH_202605_021,0.99,idk_ef606e7c4927,33064,2026-05-17T04:58:00+00:00,331.63,01b6e022-c0ba-4374-aa8b-c60afa370a3c,settled,4911cb39-9f13-49cc-a430-c9fe66562732,2026-05-17T04:58:00+00:00
BATCH_202605_038,372.42,idk_e8000181a65b,12376644,2026-05-29T05:16:00+00:00,124138.86,7f85f434-920e-46b1-95cf-3c0d31acb763,settled,d516871c-224b-4ce6-9ee0-96a6b2ba30da,2026-05-29T05:16:00+00:00
BATCH_202605_044,1.31,idk_4988329324c1,43622,2026-05-09T11:00:00+00:00,437.53,4fc4b508-c90c-4591-a710-c874fbd58bbc,settled,20f5a24e-567c-4067-87c2-47546bbfbdbf,2026-05-09T11:00:00+00:00
BATCH_202605_011,3.04,idk_ba2f6fc175b4,101071,2026-05-23T09:36:00+00:00,1013.75,1f4c9f0c-1691-4d9c-b9d0-cb1cf789e0ad,settled,11b42df4-8f87-49f8-8b94-40d411ece352,2026-05-23T09:36:00+00:00
BATCH_202605_043,1.62,idk_e53bb4016cd5,53910,2026-05-20T04:40:00+00:00,540.72,feca23a2-1807-4aa5-a64c-93d2df9c55f1,settled,70f75aa1-fe4a-4261-a766-09afb159f6cd,2026-05-20T04:40:00+00:00
BATCH_202605_033,0.03,idk_17ff7ab18fb3,1054,2026-05-28T05:11:00+00:00,10.57,26620655-7587-4e4a-bbfc-c83d197a49d0,settled,14672f66-5157-40f3-9cf9-8d0c3879e77f,2026-05-28T05:11:00+00:00
BATCH_202605_045,1.62,idk_8efeabbb781b,53738,2026-05-18T08:41:00+00:00,539.0,725b875e-ee30-47c8-a5ce-a783f619c33c,settled,cba1a232-4d4e-4a51-afe7-03d793aea140,2026-05-18T08:41:00+00:00
BATCH_202605_026,28.77,idk_4e3298e97cd2,956214,2026-05-10T08:57:00+00:00,9590.91,7d676387-de75-47c4-9197-211205c111e9,settled,83c32796-2a59-425c-a30b-8dd7f0379895,2026-05-10T08:57:00+00:00
BATCH_202605_026,0.47,idk_770ff6a68257,15564,2026-05-23T04:01:00+00:00,156.11,35e49470-cc9e-4a65-a9e1-7e91a1c0e70e,settled,39f7d26f-61e2-49a5-a4dc-49343aae502d,2026-05-23T04:01:00+00:00
BATCH_202605_022,1.62,idk_53b399f7a375,53820,2026-05-24T04:38:00+00:00,539.82,38c9066e-a215-4ddf-b057-df269dca34c5,settled,2fe43c88-2081-4640-91b5-95b4b28ef58b,2026-05-24T04:38:00+00:00
BATCH_202605_044,1.56,idk_c3adb09e9ef5,51903,2026-05-31T10:37:00+00:00,520.59,d43efeb5-2206-40a5-bed5-51bee422e15f,settled,cccca89e-a61c-47a7-86fc-cbb6b782477a,2026-05-31T10:37:00+00:00
BATCH_202605_046,986.29,idk_ebb2e7325705,32777709,2026-05-08T04:20:00+00:00,328763.38,c57b59a5-4f25-4f83-8755-72174a1b6826,settled,750be497-f08a-47a9-88af-99fe87012c51,2026-05-08T04:20:00+00:00
BATCH_202605_049,84.49,idk_ecef95d167ad,2807937,2026-05-09T09:50:00+00:00,28163.86,7377f740-429b-4b8b-abe2-97b469763f5f,settled,de69b6c6-0fca-4139-b77c-3996176e95a7,2026-05-09T09:50:00+00:00
BATCH_202605_005,117.81,idk_87e4ee36ea9e,3915265,2026-05-18T08:10:00+00:00,39270.455,67bbb183-da07-47a5-aade-11a666538fb3,settled,651fe53f-cfb6-46c2-9655-32faba6f1143,2026-05-18T08:10:00+00:00
BATCH_202605_025,0.8,idk_6e0cd6e8369d,26655,2026-05-22T09:38:00+00:00,267.35,41df6752-d392-483a-babb-8200fcae81d9,settled,8963d913-01d0-4934-bd5c-82d132e25854,2026-05-22T09:38:00+00:00
BATCH_202605_018,3.1,idk_de201fc96b96,103111,2026-05-26T08:58:00+00:00,1034.21,de47f26a-2940-4d67-ac51-e9a14b189e3f,settled,851da8a1-40c9-4f34-aeeb-dc90b2e7715b,2026-05-26T08:58:00+00:00
BATCH_202605_029,3.32,idk_779a582ad084,110227,2026-05-15T08:13:00+00:00,1105.58,2f9ff3c9-ce5e-4925-be4d-aa703c8495f0,settled,e014b528-65c6-4302-a5bb-bc936f5d4c02,2026-05-15T08:13:00+00:00
BATCH_202605_006,1.04,idk_3c5d85f29bbc,34632,2026-05-15T10:42:00+00:00,347.36,e8c0d3f2-078a-4cc1-b1ea-293e658a258a,settled,8677c729-549c-41e3-8df5-4b7eb21f76a9,2026-05-15T10:42:00+00:00
BATCH_202605_047,0.37,idk_97b3f0c83acb,12424,2026-05-30T04:25:00+00:00,124.61,df11e63b-68e3-41c9-a956-0974c64d65c0,settled,3c806303-82ca-4262-bb5f-39913babb877,2026-05-30T04:25:00+00:00
BATCH_202605_011,484.72,idk_21d153fdad95,16108964,2026-05-07T08:26:00+00:00,161574.36,c9dd9a8a-438e-4bed-b3a0-d50af2f311b1,settled,cf1d11ff-db67-474c-ba08-dfb43e0be317,2026-05-07T08:26:00+00:00
BATCH_202605_013,1.22,idk_49bd324d8599,40410,2026-05-13T05:53:00+00:00,405.32,93f29046-e7e3-4292-b109-8e1ef0be769e,settled,d6268ef9-0fae-4ed7-87fb-e30a032ae358,2026-05-13T05:53:00+00:00
BATCH_202605_042,0.61,idk_3240a0b524b5,20190,2026-05-28T09:28:00+00:00,202.51,8f35a2a4-54d5-4867-891f-751db4a86ad3,settled,64f22a1c-b8e3-4cc2-a72b-b4b1a802f625,2026-05-28T09:28:00+00:00
BATCH_202605_021,284.23,idk_724aef50eada,9446057,2026-05-24T09:27:00+00:00,94744.8,be3113f4-f7fe-497e-9d28-1c39d98c8450,settled,01fbed03-749b-4e46-8cb7-2ebd6e256ad0,2026-05-24T09:27:00+00:00
BATCH_202605_024,2.54,idk_98f5fb2c5e4f,84326,2026-05-28T08:31:00+00:00,845.8,1612520d-b708-496a-b5de-ce5a495ff61b,settled,208d2dba-0f9a-4904-9652-d958f52ccd0a,2026-05-28T08:31:00+00:00
BATCH_202605_046,1.86,idk_aeb30b4dd2c1,61801,2026-05-07T10:08:00+00:00,619.87,11dde65f-2dcd-4695-bb90-d1f011d8874d,settled,a477b622-ba7d-4f3d-9cee-4594fc460b14,2026-05-07T10:08:00+00:00
BATCH_202605_025,5.17,idk_f6fb8cb4d0ab,171957,2026-05-23T05:23:00+00:00,1724.74,12026acc-c409-4011-b4fd-5f2c0f8d132d,settled,a420edf0-3154-4b4f-97c9-849e1035b297,2026-05-23T05:23:00+00:00
BATCH_202605_045,1.14,idk_c4101f103f6f,37830,2026-05-31T09:41:00+00:00,379.44,c73b1e29-c29d-4e82-a3a0-43c3b4f466b7,settled,c0c588da-1295-4610-86dc-46e759dce7d0,2026-05-31T09:41:00+00:00
BATCH_202605_040,49.98,idk_f38c795e26ec,1661054,2026-05-05T05:49:00+00:00,16660.52,e3f01767-7d74-4b5c-80d0-6cb4bf530f76,settled,34b7b642-7814-4d31-8640-54a4761b0dd3,2026-05-05T05:49:00+00:00
BATCH_202605_017,0.3,idk_fb8115ff51e5,9822,2026-05-22T08:57:00+00:00,98.52,98ab2a05-6832-4296-bc33-3782cd8b446d,settled,0990f25a-6d01-487a-a6fb-8b2d81a6e97b,2026-05-22T08:57:00+00:00
BATCH_202605_038,3.23,idk_7fab029b6b04,107285,2026-05-21T09:30:00+00:00,1076.08,03fb3520-dc94-4b15-b752-5b1f1a1d4917,settled,f8000bdd-27a9-4547-9ab3-7531c66959f0,2026-05-21T09:30:00+00:00
BATCH_202605_034,43.88,idk_f888fa9011c2,1458328,2026-06-02T08:26:00+00:00,14627.16,395cb397-ab6f-43fa-b2e7-555d9d5bed52,settled,eb71f58a-6336-4e83-8f93-5f72b99df555,2026-06-02T08:26:00+00:00
BATCH_202605_002,1.42,idk_64fea553c811,47030,2026-05-17T04:26:00+00:00,471.72,1d7f4258-7a2f-4701-b70d-d75dbf205ef6,settled,024fca7b-e9c1-413f-8f85-fb8f78c767ea,2026-05-17T04:26:00+00:00
BATCH_202605_028,72.13,idk_6d83a8d37dbd,2396970,2026-05-31T10:18:00+00:00,24041.83,553a164f-e5c7-4527-9ea6-1d0637f5ac38,settled,4c8c149e-357f-409a-a2e6-0db5691b9da0,2026-05-31T10:18:00+00:00
BATCH_202605_013,305.72,idk_4fee77695c2d,10159939,2026-05-08T12:34:00+00:00,101905.11,b9017fc8-3584-4653-8b31-1c28d2c36824,settled,7a6c22f7-b89b-4c65-9ac7-f8afda6735f2,2026-05-08T12:34:00+00:00
BATCH_202605_035,1.36,idk_f6ad08cc473b,45237,2026-05-08T06:58:00+00:00,453.73,1632221b-6e5f-4840-adb2-ec3f10696da1,settled,f2fb8edc-cbb5-4900-8000-b075c584024b,2026-05-08T06:58:00+00:00
BATCH_202605_026,0.97,idk_eb2fdbbe8ec4,32096,2026-05-23T10:47:00+00:00,321.93,9513a920-64ab-4d63-81c7-06a1dee9ffe7,settled,709fe5c1-e13f-42c5-b789-cae2e8eddebe,2026-05-23T10:47:00+00:00
BATCH_202605_006,0.39,idk_1167a9b60874,12910,2026-05-07T12:58:00+00:00,129.49,93e9c1f6-3e71-4c4a-8a4f-e46653677f7c,settled,d6577473-17b4-471f-9a36-763e6a7f0832,2026-05-07T12:58:00+00:00
BATCH_202605_009,34.96,idk_72f9c9f32237,1161741,2026-05-07T07:16:00+00:00,11652.37,9230f6b3-58f2-4d94-a185-4eda34cf304d,settled,e09bdb72-cea0-4e48-b17e-ba98c8cfd884,2026-05-07T07:16:00+00:00
BATCH_202605_012,1.22,idk_2c466cf94955,40579,2026-05-24T05:42:00+00:00,407.01,6caa11a0-42eb-4d10-b1ea-d20facb87f6c,settled,9403c1bf-6c19-484f-b5d5-e34f118705df,2026-05-24T05:42:00+00:00
BATCH_202605_044,1.4,idk_e0675a06be6f,46430,2026-05-30T09:42:00+00:00,465.7,7b32db86-5437-4600-b3a1-fd20d73945a9,settled,3df0b9b4-2b5a-4534-b5e1-18fba927f327,2026-05-30T09:42:00+00:00
BATCH_202605_018,2.52,idk_a07bcf273888,83730,2026-05-04T04:57:00+00:00,839.82,73e4ac3e-0514-468e-b14f-ac8f36c00e9c,settled,a8551363-66a0-46cb-9264-22396078d99c,2026-05-04T04:57:00+00:00
BATCH_202605_018,0.4,idk_57433b5547ac,13280,2026-05-25T09:42:00+00:00,133.2,98fed0aa-dcb3-4a01-a051-8952cc2c70c4,settled,bad041a4-c529-4dad-bfb2-e495076088ba,2026-05-25T09:42:00+00:00
BATCH_202605_007,76.11,idk_0978c09f5ca9,2529531,2026-05-28T02:35:00+00:00,25371.42,51aa856d-c748-4c26-a707-848229c37fe5,settled,d0472cd1-8ac1-45a7-8332-1ce0d821388d,2026-05-28T02:35:00+00:00
BATCH_202605_008,55.53,idk_7966a053e503,1845354,2026-05-03T08:29:00+00:00,18509.07,ece09a8d-fa15-461e-a3a1-983f5789ae19,settled,994f4cb4-85ff-4679-95be-0695f9faa5ad,2026-05-03T08:29:00+00:00
BATCH_202605_014,51.73,idk_0f62b81ec18f,1719148,2026-05-22T09:17:00+00:00,17243.21,93691546-a1fa-4141-9a24-fecce9b10072,settled,0f902ea0-6e01-4c0d-8031-990f1a0e57b0,2026-05-22T09:17:00+00:00
BATCH_202605_033,52.5,idk_f108b61821db,1744860,2026-05-19T08:52:00+00:00,17501.1,ad47765e-f88f-4640-84fd-7ec114b95f9a,settled,1453f160-944d-4bc5-8b66-8dc161947fce,2026-05-19T08:52:00+00:00
BATCH_202605_042,533.38,idk_b1eac25d8387,17725935,2026-05-26T10:05:00+00:00,177792.73,e5a8b288-03fc-4df9-838b-e7fd68de0a1c,settled,029b1daf-2cfa-4c37-9606-67498100be67,2026-05-26T10:05:00+00:00
BATCH_202605_018,2.93,idk_3b0153d0ea58,97380,2026-05-12T05:32:00+00:00,976.73,bcece07a-768f-482e-9145-a9c28a60b313,settled,35f6c02d-6e7a-4ad5-beea-f0f7f73a283b,2026-05-12T05:32:00+00:00
BATCH_202605_024,1.25,idk_a95f7310ecb7,41417,2026-05-30T04:32:00+00:00,415.42,0d3fc645-30df-41d3-b063-867131b8d396,settled,9234377a-0096-488a-b7da-125a73b1d835,2026-05-30T04:32:00+00:00
BATCH_202605_045,1.44,idk_eafc45655bdf,47932,2026-05-26T04:53:00+00:00,480.76,b07b9abc-8624-474c-9758-6b2c83576acc,settled,fdb0a233-a10b-4bfd-af4d-27a04c8e5ba2,2026-05-26T04:53:00+00:00
BATCH_202605_036,0.41,idk_207d4d6317fe,13761,2026-06-01T09:24:00+00:00,138.02,93bad444-d6ba-4388-857d-1279dc44f66c,settled,69a298d9-88f8-4d99-9d7c-a9c001f9317f,2026-06-01T09:24:00+00:00
BATCH_202605_030,1.79,idk_096585b99a17,59465,2026-05-31T04:09:00+00:00,596.44,9d188bb5-ded7-4971-9f61-9463d3230977,settled,3508140b-a07a-41c1-b5b4-a3b4764427cd,2026-05-31T04:09:00+00:00
BATCH_202605_009,0.28,idk_e17cf87c8b5f,9337,2026-05-16T04:34:00+00:00,93.65,29d09d31-03ff-442c-b0bd-a40c76429598,settled,ad021539-fb4e-47d5-90d0-338bb67f39d5,2026-05-16T04:34:00+00:00
BATCH_202605_045,38.48,idk_f049defc322b,1278772,2026-05-30T05:10:00+00:00,12826.2,396981b3-10a7-4a02-aabc-24f42732bf3b,settled,f20a1d42-394e-49fc-a59e-11532a8833ef,2026-05-30T05:10:00+00:00
BATCH_202605_044,41.53,idk_e09e37a92a3f,1380309,2026-05-02T09:11:00+00:00,13844.62,f5ea9ce6-2d23-4ab4-8d51-6f502f060377,settled,cfb9b23b-a2fd-4922-98c9-54460af13d4e,2026-05-02T09:11:00+00:00
BATCH_202605_006,0.54,idk_c502a4d9beff,17823,2026-05-29T08:15:00+00:00,178.77,8f0a9a37-1e9f-4c6f-86f7-61403336d550,settled,630d79ac-02e9-4133-8b91-5728726106a5,2026-05-29T08:15:00+00:00
BATCH_202605_042,24.8,idk_86609d943cc9,824054,2026-05-12T09:56:00+00:00,8265.34,65490907-15ef-4044-919a-7555b4b52ac0,settled,9a24df80-3e1b-4867-afa9-49c02126ef9a,2026-05-12T09:56:00+00:00
BATCH_202605_048,234.33,idk_522d97d97416,7787628,2026-05-21T05:35:00+00:00,78110.61,a55dba26-8153-4562-9a39-d347fcda63b5,settled,7131d27b-a210-4099-9fc5-22f6e86d2565,2026-05-21T05:35:00+00:00
BATCH_202605_025,1.02,idk_1646d97bc3cc,33866,2026-05-08T04:15:00+00:00,339.68,b4abeea5-c1d0-4d50-a4a6-f95829ca7b0b,settled,eb75737b-e933-41c6-818d-29f3287b5974,2026-05-08T04:15:00+00:00
BATCH_202605_039,0.94,idk_4ec85976225b,31349,2026-05-10T04:22:00+00:00,314.43,9b21df34-6ef2-49a3-89b8-a878a801251e,settled,e701c97a-aae0-4a77-97c7-65c958868b66,2026-05-10T04:22:00+00:00
BATCH_202605_016,0.54,idk_749ed923b5c9,17824,2026-05-26T08:48:00+00:00,178.78,414bcdd5-0dfe-4dfd-a2b4-c0aa03ed19ee,settled,19d5220c-bdcb-412d-9768-a99f1b5da126,2026-05-26T08:48:00+00:00
BATCH_202605_037,0.52,idk_66584c8ad2ab,17235,2026-05-04T04:30:00+00:00,172.87,bea5fc99-51f2-4622-af49-b1de90357cf7,settled,f3472824-1d9d-4fc3-aa1b-b9a067874c6a,2026-05-04T04:30:00+00:00
BATCH_202605_003,1.62,idk_4c26af6c3c06,53835,2026-06-01T04:44:00+00:00,539.97,9aa3d33e-29c5-4192-97cd-2966913022e6,settled,fd0d5e6d-b06e-46e4-a365-ec92504d622e,2026-06-01T04:44:00+00:00
BATCH_202605_006,852.8,idk_e1bf6f2adc57,28341410,2026-05-23T10:56:00+00:00,284266.9,ba080e12-dc12-4506-a765-beea09587875,settled,2b01f889-91c7-41d3-8f38-f20bcae21639,2026-05-23T10:56:00+00:00
BATCH_202605_035,1.59,idk_badd4ae3ed6f,52985,2026-05-12T11:05:00+00:00,531.44,b9465232-86ad-49ff-8db8-cdb5b59f5609,settled,d1a76404-47eb-465f-9b6e-444c2e567cf0,2026-05-12T11:05:00+00:00
BATCH_202605_016,2.48,idk_622ec2fac8fa,82272,2026-05-24T04:26:00+00:00,825.2,a565c21a-9181-4381-b55f-de4e6e6665b1,settled,2f0a8608-24a7-4632-b122-23dfc2844676,2026-05-24T04:26:00+00:00
BATCH_202605_012,0.55,idk_7b785926420e,18262,2026-05-21T04:26:00+00:00,183.17,00e5012f-a23b-4bbb-9056-a3567d531524,settled,a3604bf2-af63-4f1e-adf4-b5a55a334dd2,2026-05-21T04:26:00+00:00
BATCH_202605_011,3.9,idk_85df7d7f640f,129657,2026-05-18T10:40:00+00:00,1300.47,b5de0a48-abae-4c4d-a106-0b5bcce213e1,settled,ea1860e9-f5c4-41a1-8b6a-5601072f07de,2026-05-18T10:40:00+00:00
BATCH_202605_037,2.16,idk_bea2de5b6481,71628,2026-05-02T09:24:00+00:00,718.44,250b82fd-6705-4b7f-9370-a99e5e39b193,settled,7a0147e4-2734-4908-84c3-5e8f9b41c1a4,2026-05-02T09:24:00+00:00
BATCH_202605_037,1.48,idk_d7d587be900c,45568,2026-05-18T05:30:00+00:00,455.68,463812b2-5dca-40ec-b25e-1c32a453bf4e,settled,a21a40dd-fcfc-48c2-b0fb-e3d01c707ec7,2026-05-18T05:30:00+00:00
BATCH_202605_005,85.33,idk_5b08970921fe,2835736,2026-05-12T10:05:00+00:00,28442.69,b84868ec-fbe9-47c5-beab-995a224d95e2,settled,b81a7e14-d6aa-4f72-b08a-2c7e6b3076bd,2026-05-12T10:05:00+00:00
BATCH_202605_030,0.3,idk_a6f9421e5356,10075,2026-05-07T10:09:00+00:00,101.05,04cfe800-62d4-4022-b562-0f911e0867b6,settled,ea77c750-209a-4da7-9b84-affbc3d89d0c,2026-05-07T10:09:00+00:00
BATCH_202605_020,67.7,idk_a16d23206708,2249959,2026-05-19T04:30:00+00:00,22567.29,fc4d296c-a07a-43ce-88a3-5d09b6277caf,settled,9e7fb567-85ec-4336-9e33-782603196e39,2026-05-19T04:30:00+00:00
BATCH_202605_048,1.75,idk_34d73f68c6d1,58302,2026-05-30T08:07:00+00:00,584.77,eb8fdaf7-df7d-4737-a507-d5d6c9ba0b82,settled,1604f68d-b433-460a-9346-42f2b8befcff,2026-05-30T08:07:00+00:00
BATCH_202605_015,18.91,idk_054520d8ffb2,628410,2026-05-15T04:16:00+00:00,6303.01,487d69a5-c46d-4f78-9588-5362ee3762fd,settled,bbe60427-04cc-4f61-8769-0c52ca864773,2026-05-15T04:16:00+00:00
BATCH_202605_026,48.17,idk_3c09eba8bf82,1600710,2026-05-16T04:44:00+00:00,16055.265,30ebbba9-24a1-47c8-a04b-295b6241a812,settled,a2679e2f-2e61-4535-9539-f6d48689b752,2026-05-16T04:44:00+00:00
BATCH_202605_026,1.77,idk_4d737aad2052,58777,2026-05-07T08:23:00+00:00,589.54,99f36afe-ee77-4552-85e5-bd0aa2c6650e,settled,9c3d77cc-1ed2-4915-bb22-7072b164c0dd,2026-05-07T08:23:00+00:00
BATCH_202605_010,64.19,idk_e85ea7164844,2133364,2026-05-09T05:15:00+00:00,21397.83,bc8c5c39-a8f8-4ac0-828b-2836e3742f39,settled,82fe804c-2dbf-4ba6-9bb0-62a581bd8de4,2026-05-09T05:15:00+00:00
BATCH_202605_008,1.36,idk_1482a4572962,45065,2026-05-19T05:35:00+00:00,452.01,aa19436e-4e2a-4d8f-b365-b937f0c80048,settled,de73a7cb-d4fc-46a8-aa3e-f96980031328,2026-05-19T05:35:00+00:00
BATCH_202605_006,2.75,idk_bd4de38d84bd,91446,2026-05-24T04:20:00+00:00,917.21,124485cb-715a-486c-9fc0-4c56a6c3c910,settled,fae08015-eb3c-4f5f-85c1-1f4ace16e53d,2026-05-24T04:20:00+00:00
BATCH_202605_026,100.0,idk_d8e959de49b9,3323491,2026-05-23T08:59:00+00:00,33334.91,5c3f3033-a179-4595-b326-e85e5f287c25,settled,4a1e379b-7fd9-4fd0-9bb2-7553fb1a98f0,2026-05-23T08:59:00+00:00
BATCH_202605_015,51.15,idk_6a8c39af178c,1699751,2026-05-17T05:14:00+00:00,17048.66,ce89fcf0-202a-469c-85e4-11a3ce9d6086,settled,2997ed24-7670-47a1-bc72-0cd3727c0e27,2026-05-17T05:14:00+00:00
BATCH_202605_005,3.04,idk_f05cf2fbb3f7,101154,2026-06-01T10:23:00+00:00,1014.58,5413a828-acc9-4a28-a28e-dc4ee8a7cf22,settled,f319cf98-d735-49d7-8749-2fec82f736ea,2026-06-01T10:23:00+00:00
BATCH_202605_011,4.29,idk_6e11286a6ded,142543,2026-05-30T08:14:00+00:00,1429.72,1e6a7430-1cc5-4ebd-ae0f-3e711c193f52,settled,f5c6aa6f-3851-431a-bb6c-90f64ca56e2c,2026-05-30T08:14:00+00:00
BATCH_202605_012,365.47,idk_2628a2ce8f7e,12145778,2026-05-02T08:34:00+00:00,121823.25,453ee650-5b43-4b02-bf19-0c5234cdd689,settled,81c2db20-f1c2-4a1d-b6e0-c6591810142f,2026-05-02T08:34:00+00:00
BATCH_202605_036,1.37,idk_731fd364e857,45695,2026-05-21T05:48:00+00:00,458.32,99ab22b1-5ec5-4fe3-b4da-08c0344b2018,settled,8528b980-8d0e-45d6-a155-ac30341cbb8e,2026-05-21T05:48:00+00:00
BATCH_202605_002,0.6,idk_a428a58dc0ff,19924,2026-05-09T10:22:00+00:00,199.84,bd64f2b1-bcbe-419e-952f-e1ef756caee3,settled,f0462681-778e-472d-8eaf-39b2b1e5fff2,2026-05-09T10:22:00+00:00
BATCH_202605_018,656.26,idk_2a30f6924298,21809847,2026-05-27T09:05:00+00:00,218754.73,029a1822-3e7a-43a5-8248-32d246c6538c,settled,0543cbe7-2631-4b63-82e5-d6400887518c,2026-05-27T09:05:00+00:00
BATCH_202605_023,1.09,idk_f442866444f1,36261,2026-05-27T08:10:00+00:00,363.7,54c3c713-a486-419d-a198-0716c1f32f9c,settled,16e8afbc-d70b-422e-8fbb-beeee8e1d638,2026-05-27T08:10:00+00:00
BATCH_202605_023,17.76,idk_babbe35a5dfb,590317,2026-05-08T05:44:00+00:00,5920.93,a0e9bbe9-315d-405e-9492-df8268b4dbee,settled,c06f82ad-fdd1-4b63-a2d3-5dba14cbfa75,2026-05-08T05:44:00+00:00
BATCH_202605_015,1084.59,idk_7367518f91e8,36044549,2026-05-31T08:18:00+00:00,361530.08,5d247574-16dc-4317-98e3-db35a5c1e944,settled,91813fc5-2862-4727-9a4f-ca412decc61a,2026-05-31T08:18:00+00:00
BATCH_202605_021,0.42,idk_64136ef94d48,14110,2026-06-01T05:28:00+00:00,141.52,20bb5812-bf89-4296-85ca-9b07787bc7a2,settled,249562c5-2876-4fe4-bfb3-c7ac93db46e0,2026-06-01T05:28:00+00:00
BATCH_202605_021,1.59,idk_69c318dcd02a,52764,2026-05-13T13:32:00+00:00,529.23,f5e7c694-a525-46f2-b7db-0f987b86b8a2,settled,23561572-0e91-4cc1-9439-d40a675f6a7c,2026-05-13T13:32:00+00:00
BATCH_202605_012,1.92,idk_c5384d39ca12,63876,2026-05-19T10:57:00+00:00,640.68,3c98955c-b35e-4396-8f12-e4b6196b10a7,settled,6b6b4f07-9b44-46b4-9881-0e74a27c6300,2026-05-19T10:57:00+00:00
BATCH_202605_037,2.36,idk_bc62d751eea7,78589,2026-05-27T02:43:00+00:00,788.25,e5b2957b-bdc3-4946-ba08-53a09bdb3c3a,settled,4a27bb00-d402-4fde-a0ef-b29a51219e19,2026-05-27T02:43:00+00:00
BATCH_202605_010,0.19,idk_d703250eae85,6402,2026-05-28T05:47:00+00:00,64.21,27729c95-ebaf-47a5-9fc0-f53990fda7b4,settled,6f34fd9a-6e3e-4f3d-8a62-93be95df5856,2026-05-28T05:47:00+00:00
BATCH_202605_022,0.62,idk_ac6532d3e4b1,20531,2026-05-07T04:59:00+00:00,205.93,8aef29f4-132b-40c9-95e4-bfb83c85a436,settled,071e9c5c-6cc6-4a57-9d63-a2166323341b,2026-05-07T04:59:00+00:00
BATCH_202605_047,0.98,idk_5bdd57874613,32448,2026-05-13T04:53:00+00:00,325.46,0b41d5a1-5d76-4abd-a964-fca69c817f81,settled,6afed7b8-1a49-40f4-b9c2-99801b70d759,2026-05-13T04:53:00+00:00
BATCH_202605_037,0.69,idk_b8cc78945031,22818,2026-05-14T10:31:00+00:00,228.87,b687f2fd-b2a6-47fd-9238-58e864aa88e5,settled,ffbf079c-9d15-4d5f-84d9-a2deafa17fca,2026-05-14T10:31:00+00:00
BATCH_202605_005,56.64,idk_ebfab57e1def,1882368,2026-05-29T08:08:00+00:00,18880.32,5dbffd53-5f8c-4fe5-9150-34af058c5dd0,settled,ff523b99-e22c-4e63-9192-d8215451e32c,2026-05-29T08:08:00+00:00
BATCH_202605_046,2.83,idk_56fe76b20270,94021,2026-05-20T08:45:00+00:00,943.04,cc934906-8ad1-40f4-8b4a-524e29d714be,settled,6679623e-260f-47fa-9ee1-2ee19fd65109,2026-05-20T08:45:00+00:00
BATCH_202605_013,0.28,idk_0c6fa66ea92e,9454,2026-05-21T05:10:00+00:00,94.82,f476ddc9-5a20-48d8-8740-21e3391f24f4,settled,8d1d7a3c-ee4d-41f7-8a08-7a93a14d1383,2026-05-21T05:10:00+00:00
BATCH_202605_037,4.07,idk_296f75ed795c,135213,2026-05-10T08:26:00+00:00,1356.2,3d812431-e87c-42cd-9d52-1cb823ae8de9,settled,a650328a-1c43-4eeb-8c2b-ff43eb479d9d,2026-05-10T08:26:00+00:00
BATCH_202605_013,1.48,idk_9c2814e0fe72,49199,2026-05-15T08:59:00+00:00,493.47,dabc3545-7216-4ff6-b67e-66cf04d991e5,settled,af2a9a08-0570-4533-941c-84967bc5d7cf,2026-05-15T08:59:00+00:00
BATCH_202605_043,0.49,idk_244700b24b4c,16403,2026-05-17T08:57:00+00:00,164.52,5d975bad-5adc-4c7d-aebd-2f139839c0a2,settled,0a799bc9-ce81-43f3-986d-8f5d85cf13f5,2026-05-17T08:57:00+00:00
BATCH_202605_030,2.06,idk_c7ae29972c50,68505,2026-05-30T08:18:00+00:00,687.11,106b1a5a-5dd6-45e3-95d4-205a01d686f1,settled,d4aef56a-4303-4b54-9603-0facf432cd73,2026-05-30T08:18:00+00:00
BATCH_202605_035,4.34,idk_1553ed24ab5c,144122,2026-05-26T13:13:00+00:00,1445.56,b794bd57-3479-47db-8f9b-191fd558b68d,settled,3b35000d-c058-41d2-8364-78d9237ce06e,2026-05-26T13:13:00+00:00
BATCH_202605_031,2.37,idk_c2e1e378a313,78621,2026-05-28T10:33:00+00:00,788.58,bcdff31a-cb91-42c7-b4ce-90db81c8144a,settled,be82bf88-b18e-4618-b581-7500183f9480,2026-05-28T10:33:00+00:00
BATCH_202605_037,0.89,idk_c4198e62d752,29713,2026-05-30T04:39:00+00:00,298.02,0e75d101-d218-46fe-8966-ce7dc15f5919,settled,7749fe3a-ee0f-4b00-9e75-f694624fc753,2026-05-30T04:39:00+00:00
BATCH_202605_028,51.8,idk_d2e466cb1b2c,1721484,2026-05-16T05:20:00+00:00,17266.64,b81c9cc5-239e-4027-96d5-83308f2cbf27,settled,89665738-49b2-4333-a52f-2a7d33fdded3,2026-05-16T05:20:00+00:00
BATCH_202605_005,2.06,idk_f960bc1b779a,68301,2026-05-23T10:23:00+00:00,685.07,07ea193b-33ec-4bf6-94fa-f2b34a65285d,settled,89ebdd03-9b14-47df-8ea0-31524632a42d,2026-05-23T10:23:00+00:00
BATCH_202605_040,1.78,idk_4ee26c000a59,59247,2026-05-11T10:05:00+00:00,594.25,ed59fae2-ef4e-4684-91c0-27b95b9bf84e,settled,c53474f7-342b-4bb9-b9d7-103865d4ef9d,2026-05-11T10:05:00+00:00
BATCH_202605_007,2.32,idk_1edac139095c,77063,2026-05-07T10:44:00+00:00,772.95,3c1d4de8-a162-4df1-b875-b9977ca3a671,settled,877983f5-0adf-4bb5-b3fe-b852c16b3f55,2026-05-07T10:44:00+00:00
BATCH_202605_039,0.7,idk_2935eb71f195,23149,2026-05-30T09:23:00+00:00,232.19,2eb54a18-fb4a-47cf-911d-fe7801cdaafa,settled,b250aa91-89b9-4b45-ad3e-4a0b91a0c93a,2026-05-30T09:23:00+00:00
BATCH_202605_022,0.71,idk_72d4c8eafd61,23464,2026-05-22T12:32:00+00:00,235.35,4c9f30e6-dcc2-47d8-8ec2-83cf80f473a6,settled,05d1ec5e-f729-44d0-9a6d-332a1c2cf21d,2026-05-22T12:32:00+00:00
BATCH_202605_018,18.59,idk_d0b4b08fde19,617814,2026-05-30T04:28:00+00:00,6196.73,c7a56a79-7423-4ce1-a491-e0ecfb54992d,settled,c5096506-2fa8-4b34-9033-597918f2b5b8,2026-05-30T04:28:00+00:00
BATCH_202605_021,145.0,idk_d6befd382bc9,4818702,2026-05-29T05:26:00+00:00,48332.02,00fda184-7460-4460-8a38-f055ba797d84,settled,b3e8a315-5e42-4972-8cf6-1f837778a16a,2026-05-29T05:26:00+00:00
BATCH_202605_024,1.09,idk_c96b54212cc8,36117,2026-05-16T09:54:00+00:00,362.26,454122f8-b07f-49ba-8efe-235b03a71594,settled,8ece0f90-c3e2-4865-9344-84b7ec9a6204,2026-05-16T09:54:00+00:00
BATCH_202605_037,45.85,idk_b345f086d69f,1523711,2026-05-24T09:15:00+00:00,15282.96,062c44e4-34d9-4511-97db-60a2ac0a5b8a,settled,d9b1e9b6-7733-4c13-aeef-76b3216c6ea5,2026-05-24T09:15:00+00:00
BATCH_202605_046,0.08,idk_186545840130,2727,2026-05-09T05:09:00+00:00,27.35,0f32aa66-9ac7-48d4-9ef0-c8b87be486d7,settled,7f1a6cdf-bd67-48bd-a45f-16631826c338,2026-05-09T05:09:00+00:00
BATCH_202605_029,1.07,idk_374d4243dc7d,35581,2026-05-22T03:08:00+00:00,356.88,f8dc09ec-f2ad-490c-8a3a-cf4253983dc3,settled,5d401e99-9609-4ec5-bc6a-c87dd7ebafdf,2026-05-22T03:08:00+00:00
BATCH_202605_002,5.14,idk_7935b9b5cbb6,170680,2026-05-13T08:54:00+00:00,1711.94,0cfe54b1-74f7-4e6f-a7fc-727008a1d383,settled,93d8dfc2-21cd-4b37-9b94-ad67e0f599af,2026-05-13T08:54:00+00:00
BATCH_202605_027,0.51,idk_51b5c7184c30,16902,2026-05-08T05:21:00+00:00,169.53,29677e8a-2b68-43a9-845f-d362bd585c74,settled,505c1555-8b20-4f84-b615-ed7da81c1996,2026-05-08T05:21:00+00:00
BATCH_202605_020,2.41,idk_3b5c747cec4b,80198,2026-05-22T10:58:00+00:00,804.39,5a86ba21-ab8c-4e47-b9f0-03ffda577ee3,settled,f14b1110-d255-4654-aa77-daf7937d7e59,2026-05-22T10:58:00+00:00
BATCH_202605_034,60.59,idk_5b7b65c43070,2013482,2026-05-14T09:23:00+00:00,20195.41,96be6297-ac82-4ea1-8f32-078551a15c32,settled,5b83004a-0036-411b-ab45-6ef466cf1cbc,2026-05-14T09:23:00+00:00
BATCH_202605_044,39.99,idk_d8ea26de691d,1329141,2026-05-23T10:48:00+00:00,13331.4,faa5c2d0-5c0c-4317-a2a6-aef7be600897,settled,9a1eb81b-14bd-47b6-8ea9-732a2838f910,2026-05-23T10:48:00+00:00
BATCH_202605_016,6.04,idk_a47fa32be438,200761,2026-05-22T13:26:00+00:00,2013.65,8384e915-e69f-4942-b902-157ebcbc088e,settled,ed2ec721-6da5-47fe-88de-5efb03ccaad5,2026-05-22T13:26:00+00:00
BATCH_202605_027,60.95,idk_ebec933fd791,2025415,2026-05-06T04:48:00+00:00,20315.1,bd083a8b-ace4-4b44-964f-a6e25a031057,settled,083359f5-c4fc-41f8-a999-4d330edbe55c,2026-05-06T04:48:00+00:00
BATCH_202605_041,3.27,idk_56d39b3902cd,108656,2026-05-28T08:53:00+00:00,1089.83,3ca766b5-26ba-4dab-b301-f8dec806b325,settled,ff08af22-1ccb-4dc2-bf5a-73160e12db5e,2026-05-28T08:53:00+00:00
BATCH_202605_017,47.25,idk_2d0d48bdc766,1570145,2026-05-23T05:25:00+00:00,15748.7,613284d0-ac0c-42d4-aa1c-ee06ad3d2570,settled,c3b53164-647c-4c11-85f4-dd62b4fb4e68,2026-05-23T05:25:00+00:00
BATCH_202605_038,3.49,idk_52d600ba773f,116047,2026-05-11T04:37:00+00:00,1163.96,b4d7f496-587c-4579-acad-eba1edf33620,settled,e80cdc0e-012a-4bf5-ae4e-23774671e07e,2026-05-11T04:37:00+00:00
BATCH_202605_013,451.39,idk_3602e0cf4828,15001288,2026-05-18T09:10:00+00:00,150464.26,4a777792-5382-46b1-96dd-cc8a785c3725,settled,be927a96-e668-4594-8e38-c7f53315c276,2026-05-18T09:10:00+00:00
BATCH_202605_029,2.75,idk_4758073cffb4,91452,2026-05-17T07:18:00+00:00,917.27,c297c4c3-2dbe-4fcf-9fab-a78bd30ad867,settled,4450fce7-f9b3-4f98-b86e-00451514a0ff,2026-05-17T07:18:00+00:00
BATCH_202605_026,2.31,idk_af24b6d93fcc,76721,2026-05-07T04:15:00+00:00,769.52,9714cadd-de01-4360-870f-6b49b95b08cc,settled,f6f89b0a-c234-4334-ab92-70c67485ee70,2026-05-07T04:15:00+00:00
BATCH_202605_034,1.45,idk_db68ef32a969,48321,2026-05-09T08:07:00+00:00,484.66,e419b8f6-b66c-4c6f-8e57-ac7f9fedf7ad,settled,4f327716-5878-491b-a291-1453df64d356,2026-05-09T08:07:00+00:00
BATCH_202605_022,4.65,idk_8e9808f5e574,154511,2026-05-23T08:34:00+00:00,1549.76,03f5fa9b-8c96-4213-a6a1-a4285cda48b5,settled,c5c1126b-dfb8-4902-a3b7-209553c08797,2026-05-23T08:34:00+00:00
BATCH_202605_009,435.08,idk_cfb6430cd804,14459225,2026-06-02T09:08:00+00:00,145027.33,727443dd-2103-4378-985b-e69552428d2c,settled,36277188-df61-465b-afe7-a7478be7837c,2026-06-02T09:08:00+00:00
BATCH_202605_017,0.4,idk_941c7d11e235,13256,2026-05-14T13:57:00+00:00,132.96,350065be-2454-488f-b8bb-ef6cb990f622,settled,1a776d4a-2beb-48a2-baa7-9ea918d32182,2026-05-14T13:57:00+00:00
BATCH_202605_027,61.48,idk_549f060bb942,2043331,2026-05-23T04:00:00+00:00,20494.79,33c7eabe-347b-4a48-8d83-07390efdf605,settled,b6793c26-e952-4e22-8b46-7d94db2dee18,2026-05-23T04:00:00+00:00
BATCH_202605_043,0.75,idk_eddf0ca4c369,24971,2026-05-06T05:50:00+00:00,250.46,abeb1a23-9789-4a1c-bc03-38d8c549cb8b,settled,940dc6d0-da8e-458e-943e-515f306a16e1,2026-05-06T05:50:00+00:00
BATCH_202605_008,1.62,idk_a660f311805f,53673,2026-05-06T04:39:00+00:00,538.35,47e6b1eb-504a-4766-b44f-655624661b14,settled,79cc9d88-dff7-4ec5-95d4-1a3b2d966fdd,2026-05-06T04:39:00+00:00
BATCH_202605_003,44.73,idk_3b87f2401c1f,1486626,2026-05-10T05:29:00+00:00,14910.99,621a9f26-f523-41d3-b5c2-dfc63bb3ce13,settled,57b943b3-d9d3-4d1c-87bb-a289241b3ce3,2026-05-10T05:29:00+00:00
BATCH_202605_006,1.45,idk_2d0a939777d7,48151,2026-05-23T05:00:00+00:00,482.96,e8f7ee03-39fd-4770-b87e-b75ce6306d87,settled,9ff94f1a-c778-4003-99d3-dfb8b134fad0,2026-05-23T05:00:00+00:00
BATCH_202605_003,145.2,idk_1e5f31d67458,4825543,2026-05-11T09:10:00+00:00,48400.63,830d349b-8d69-4355-835e-aef27a7bdeea,settled,918336c5-649c-46b7-905c-58f696647db8,2026-05-11T09:10:00+00:00
BATCH_202605_009,28.83,idk_71d31bd340b6,958221,2026-05-25T05:01:00+00:00,9611.04,4a244ef2-df9e-43b6-8112-9b2c6966d3e0,settled,92415fee-4221-4c7a-9581-99013ae57cdb,2026-05-25T05:01:00+00:00
BATCH_202605_026,26.54,idk_e2d826844ebe,882129,2026-06-01T04:30:00+00:00,8847.83,22632576-0f0f-421f-b2a0-030c9b683cfa,settled,5e81f121-5ebe-4dc5-9974-9a01797e201e,2026-06-01T04:30:00+00:00
BATCH_202605_009,1.04,idk_e02b97c189cc,34673,2026-05-29T09:48:00+00:00,347.77,3c9f5ecb-f430-4f78-b293-f471cb8ed686,settled,4f18a472-e16d-4ea1-8670-d49c6725d964,2026-05-29T09:48:00+00:00
BATCH_202605_050,24.69,idk_c11361e6e09b,820457,2026-05-17T10:50:00+00:00,8229.26,ba8ff7e5-6416-4e32-88cb-1f20c2424151,settled,28dcc5c1-d9eb-4c4f-8462-f78a769e36c1,2026-05-17T10:50:00+00:00
BATCH_202605_034,0.61,idk_076b4587ae7c,20220,2026-05-05T06:27:00+00:00,202.81,3ecb74d7-2dd3-446c-ad50-5a37e179406d,settled,d8d410b2-62e4-493e-896e-398fc33f0683,2026-05-05T06:27:00+00:00
BATCH_202605_028,53.95,idk_3d31f48e7135,1792903,2026-05-23T10:40:00+00:00,17982.98,2dfb3a08-d6ed-475e-985a-46481fe677d0,settled,f1278c28-3ec1-48fa-9d33-713b66f86bad,2026-05-23T10:40:00+00:00
BATCH_202605_040,30.3,idk_fa7b036e260e,633263,2026-05-23T06:00:00+00:00,6332.64,466e0360-a340-4abf-ab74-6a843fce6c9e,settled,74cd7ac8-1469-4a0f-a544-05c2b77e20a7,2026-05-23T06:00:00+00:00
BATCH_202605_022,1.89,idk_da9a0b323fae,62958,2026-05-17T05:11:00+00:00,631.47,e6820300-0ac3-4fa1-9494-eb6f07626050,settled,84d24d3c-2be0-47a8-861b-cf5f220ea824,2026-05-17T05:11:00+00:00
BATCH_202605_029,273.98,idk_3f6189c4ab0a,9105201,2026-05-15T05:12:00+00:00,91325.99,f26fd1c2-7e9a-46cb-b59d-d95244b89fdf,settled,65150e07-d0b3-44f8-9459-3906a1febc2e,2026-05-15T05:12:00+00:00
BATCH_202605_036,1.5,idk_7966d799b42d,49695,2026-05-25T04:13:00+00:00,498.45,bd6019b3-0ec5-4de3-8d41-66877003a3a8,settled,6491ac7e-e436-427a-b753-601b6f1d2689,2026-05-25T04:13:00+00:00
BATCH_202605_022,0.05,idk_ce6086f9211e,1813,2026-06-01T10:42:00+00:00,18.18,a0092bcc-0680-4eff-abd6-a5df5a7570c6,settled,604eb8b6-0f81-4867-b242-1596d1d40725,2026-06-01T10:42:00+00:00
BATCH_202605_046,0.68,idk_e1601fa3a297,22688,2026-05-12T10:45:00+00:00,227.56,f0bc9e03-ce32-456d-bd1c-c90777220452,settled,0d2a6d51-a6ce-4262-a618-10066b9dc670,2026-05-12T10:45:00+00:00
BATCH_202605_011,0.52,idk_f25d49e1355d,17280,2026-06-01T10:30:00+00:00,173.32,006719d9-d346-4fbe-b296-9287d2da7cf9,settled,2dace66f-9909-41ba-bada-7766e5c9e44b,2026-06-01T10:30:00+00:00
BATCH_202605_026,8.34,idk_a3cc52df88ba,277113,2026-05-06T10:19:00+00:00,2779.47,90e296b1-f13e-4c93-9976-40a87f8cc94e,settled,94b8a293-0a0b-47cd-8da0-8b48257ca706,2026-05-06T10:19:00+00:00
BATCH_202605_038,2.6,idk_9bffac6add36,86429,2026-05-06T09:09:00+00:00,866.89,5dfc42b0-7a08-42aa-93fe-0f4f7e1098e9,settled,dcd79717-d76e-4f0c-ab1c-ad02b23333a1,2026-05-06T09:09:00+00:00
BATCH_202605_028,4.04,idk_2aea5c529335,134273,2026-06-01T04:40:00+00:00,1346.77,38ae1802-4e6c-4a81-b4ba-fbbfd07a682b,settled,208ae674-de5b-4826-add0-ce23818b2d95,2026-06-01T04:40:00+00:00
BATCH_202605_039,43.42,idk_e5d9deb521c3,1443006,2026-06-01T04:59:00+00:00,14473.48,c0ceb480-eae8-4c89-b51f-7dc600896279,settled,12bac84a-9060-4e75-91e9-212370405683,2026-06-01T04:59:00+00:00
BATCH_202605_029,1.13,idk_ab72f0f2281f,37469,2026-05-28T08:32:00+00:00,375.82,d2714056-e1ab-4ed7-a803-f8b9c4c8e11c,settled,ad8f0d4e-2708-4df9-b075-401ac08ad664,2026-05-28T08:32:00+00:00
BATCH_202605_046,17.63,idk_ec775163fbe2,585950,2026-05-26T09:00:00+00:00,5877.13,d425a452-124b-4cf2-9c9c-c50eb1d174e9,settled,50a2bd3a-2050-4427-b328-67fa7e100fbc,2026-05-26T09:00:00+00:00
BATCH_202605_046,48.29,idk_d51b8bdc0e97,1604687,2026-05-21T08:50:00+00:00,16095.16,f65b0386-9d41-4594-813f-4766b9fada3c,settled,c092b074-af85-4f0f-b3c1-bb361fada17a,2026-05-21T08:50:00+00:00
BATCH_202605_038,116.47,idk_096583523798,3870530,2026-05-22T07:14:00+00:00,38821.77,4526d7e0-619c-40a5-ae4f-a44fa5376582,settled,2a3e6350-e78b-4665-92b8-398df97bb18a,2026-05-22T07:14:00+00:00
BATCH_202605_034,2.22,idk_0c057b639a1b,73910,2026-05-31T09:03:00+00:00,741.32,935475a3-64c7-48a6-9dd3-6df806a4b36d,settled,4e89a27d-b601-4820-9e95-45a7fe87f5e9,2026-05-31T09:03:00+00:00
BATCH_202605_004,1.26,idk_6712122880f0,41945,2026-05-08T05:25:00+00:00,420.71,4d8980d1-afb6-400c-96d2-c10c28ff76ed,settled,7d94e186-ff51-4ec6-8d3f-1156cc90f433,2026-05-08T05:25:00+00:00
BATCH_202605_015,19.12,idk_13796213014f,635526,2026-05-14T04:46:00+00:00,6374.38,00f84cd2-4603-4865-b952-e194f4975d87,settled,8fc13c5a-d51b-439d-9653-b97212a8a79c,2026-05-14T04:46:00+00:00
BATCH_202605_025,48.88,idk_8b16f001d9fa,1624470,2026-05-27T14:25:00+00:00,16293.58,d0caa11d-1d79-4f93-baa8-a0f5629c81a9,settled,0ac138bc-b99b-4ae6-87d7-0e984fca967a,2026-05-27T14:25:00+00:00
BATCH_202605_029,0.84,idk_095861e7f21e,28077,2026-05-26T05:46:00+00:00,281.61,6648c29a-64ba-46a1-be97-c7326c73755a,settled,b0810eba-46fd-48fb-93cf-aaf05e8055f2,2026-05-26T05:46:00+00:00
BATCH_202605_029,83.7,idk_02d59dea4d13,2781471,2026-05-25T05:56:00+00:00,27898.41,b36221a3-7130-4cb7-97f7-0db611dfb6f7,settled,3e74c274-3148-4ed5-992f-01c75bb268fe,2026-05-25T05:56:00+00:00
BATCH_202605_017,2.04,idk_f31cffc60ae5,67854,2026-05-25T04:31:00+00:00,680.58,88c7ca18-e386-4578-9cba-2ddbf6d66b6d,settled,355961ad-4a1a-4dcf-b387-a0d8997d7f39,2026-05-25T04:31:00+00:00
BATCH_202605_004,1.75,idk_1ae7a5da14c4,58192,2026-05-16T05:09:00+00:00,583.67,4cba80f2-882e-48bd-a8ce-59dedacaef48,settled,c2179a77-be8b-42b2-b5a5-d261a31969bf,2026-05-16T05:09:00+00:00
BATCH_202605_021,102.44,idk_57363a64ef4a,3404567,2026-05-18T10:42:00+00:00,34148.11,1ad7a810-2404-4a0e-82d0-176b69f5f7ef,settled,98fd09a0-13b0-4455-8c70-51bbdd891d8d,2026-05-18T10:42:00+00:00
BATCH_202605_015,5.55,idk_0874ece84220,184435,2026-05-18T09:41:00+00:00,1849.9,f6a3e911-569f-4f0b-a77d-812ca078fb7a,settled,67330471-2a8e-4635-ba7d-4673e1132aab,2026-05-18T09:41:00+00:00
BATCH_202605_049,57.86,idk_61dc5da05c13,1922815,2026-05-08T10:40:00+00:00,19286.01,cb2a0379-49d4-45f0-8e26-0d70fcf0e953,settled,736f5f94-d77f-431a-a264-187f22f7ee47,2026-05-08T10:40:00+00:00
BATCH_202605_008,276.24,idk_db69af2f7585,9180271,2026-06-01T03:03:00+00:00,92078.95,d8ff744c-1bc7-468d-b497-80fc7c2ac42a,settled,bec97ca1-e87d-4e54-a0ed-1abf01f2ab87,2026-06-01T03:03:00+00:00
BATCH_202605_003,1.62,idk_8ee0708b75c6,53840,2026-05-18T08:39:00+00:00,540.02,b4922964-b0b9-4a94-9332-55af5e85f12d,settled,6190594f-84b7-4053-82d2-73c42d2c70a9,2026-05-18T08:39:00+00:00
BATCH_202605_050,2.04,idk_f216d6e1a50d,67693,2026-06-01T04:47:00+00:00,678.97,569bcbac-7ae7-441e-9ed6-c5e372533d28,settled,25940b70-355a-4262-bd7a-9da45a09943c,2026-06-01T04:47:00+00:00
BATCH_202605_005,7.06,idk_95a5a153ceb3,234488,2026-05-20T13:56:00+00:00,2351.94,c233303d-e086-4122-bb6f-25538255227f,settled,825c68c2-f2ed-429c-938e-8bae44d708b6,2026-05-20T13:56:00+00:00
BATCH_202605_005,23.28,idk_e3882cb2a5d7,773688,2026-05-03T04:10:00+00:00,7760.16,f465b1fa-e390-4b1e-938c-6934b3a72862,settled,fdf6b3d4-e20c-44c3-97a2-6e698ed9aca6,2026-05-03T04:10:00+00:00
BATCH_202605_008,0.91,idk_7c329fd16542,30109,2026-05-16T09:34:00+00:00,302.0,d023b8ec-a1b1-4e85-902b-077cf32a1f3f,settled,6ccbdfad-b51e-4a36-9157-016fab0b64bd,2026-05-16T09:34:00+00:00
BATCH_202605_033,2.49,idk_07f1fa7b94a5,82896,2026-05-25T04:51:00+00:00,831.45,e466939c-dc1d-485a-896e-b63233be45a9,settled,63d834ae-5b16-418e-9e33-2b68c556e6b7,2026-05-25T04:51:00+00:00
BATCH_202605_031,2.64,idk_d002cdcc5dcf,87583,2026-05-11T09:31:00+00:00,878.47,54c82b7c-4b72-4397-a47c-331f345250d1,settled,f41a916e-fac5-46a8-a972-30895e4d8961,2026-05-11T09:31:00+00:00
BATCH_202605_047,0.33,idk_67ba5b371215,10923,2026-05-27T08:47:00+00:00,109.56,9101f867-1f24-44fb-80ac-738000ec8747,settled,b32d5a6d-1fe8-4e50-9b4e-2c714a37d40b,2026-05-27T08:47:00+00:00
BATCH_202605_020,2.73,idk_aef3879bc5d7,90744,2026-05-03T10:32:00+00:00,910.17,7325ac89-c333-4409-9273-9e41fe6bfc0c,settled,9b0f196f-c83e-4382-b0a7-f258b7d354b7,2026-05-03T10:32:00+00:00
BATCH_202605_017,5.03,idk_1f3a10f25dbb,167005,2026-05-15T10:16:00+00:00,1675.08,7f248363-7eed-4877-bd54-c407a7ce2431,settled,053a144e-aa4d-454f-861b-6a8c42c39421,2026-05-15T10:16:00+00:00
BATCH_202605_022,1.33,idk_87b828827763,44300,2026-05-23T08:13:00+00:00,444.33,f3b2b293-51df-46c2-b1ac-194026a363a3,settled,1dca754f-6aba-4736-bc17-0413a5df6e04,2026-05-23T08:13:00+00:00
BATCH_202605_043,2.04,idk_b798c8ab3128,67771,2026-05-21T05:27:00+00:00,679.75,12ffc273-cedb-46ad-ad05-4be76aa9f7c8,settled,afe91fe2-f71f-427b-a55e-2ee363664fca,2026-05-21T05:27:00+00:00
BATCH_202605_015,1.96,idk_7fa4183c3535,65034,2026-05-27T09:17:00+00:00,652.3,00a22dfb-1305-4b8c-b0fa-7cb6f397db46,settled,7661504f-9cd6-42b0-81a2-5ab86d6b2d8b,2026-05-27T09:17:00+00:00
BATCH_202605_023,54.99,idk_5b2ac8dd9e65,1827374,2026-05-06T12:28:00+00:00,18328.73,f6a622d3-b263-4354-8105-4c7506177b4b,settled,542051da-9ae9-41f8-87d2-ead83cab641b,2026-05-06T12:28:00+00:00
BATCH_202605_013,44.33,idk_0445d98fef7e,1473164,2026-05-22T09:01:00+00:00,14775.97,51c3a978-584a-4dc5-ace9-b2847a6a0d78,settled,c85bf4f7-ac67-4019-879b-56db8b92ab18,2026-05-22T09:01:00+00:00
BATCH_202605_035,1.52,idk_bfd26fd719d4,50359,2026-05-20T10:20:00+00:00,505.11,3b497070-303f-4013-850b-29fb084f515b,settled,e83553e2-16f4-44c1-89d8-ed7dd8143053,2026-05-20T10:20:00+00:00
BATCH_202605_019,50.64,idk_d1d4eb03c2e6,1682809,2026-05-14T06:04:00+00:00,16878.73,95f18f16-63e7-4c30-be3f-810c4222b6e2,settled,11defefa-006b-471e-9c00-90c2f3e39df9,2026-05-14T06:04:00+00:00
BATCH_202605_040,1.5,idk_57df8f0f7036,49935,2026-05-19T02:22:00+00:00,500.85,b3b6b3b8-addf-4d77-85a2-400711ca48db,settled,bf5917da-1d4f-47a6-af1f-7176c62a7f1a,2026-05-19T02:22:00+00:00
BATCH_202605_047,61.23,idk_f17cec33e4a7,2034883,2026-05-07T10:49:00+00:00,20410.06,9ab9a86e-60c8-49d6-b51f-d24394e77037,settled,cdbfaf4a-9a2b-4437-84f3-38d481690741,2026-05-07T10:49:00+00:00
BATCH_202605_034,1.17,idk_ac03f0203e5d,38898,2026-05-09T08:30:00+00:00,390.15,b6334dad-870f-4bcf-b564-3083a956279e,settled,96d69b18-8ac2-42df-8cae-85e20e2f0be5,2026-05-09T08:30:00+00:00
BATCH_202605_034,359.54,idk_ff60a4236b25,11948787,2026-05-31T04:48:00+00:00,119847.41,4059f61d-5b7b-4fa1-93cf-9d5713f8dc12,settled,e5b12b3a-f9c2-4c2a-a32e-80581fa46055,2026-05-31T04:48:00+00:00
BATCH_202605_042,0.45,idk_516e43aed775,14948,2026-05-19T05:31:00+00:00,149.93,75deb5aa-4633-4d68-9192-b5aad435d0cb,settled,dc659cc3-a282-4cb7-90bf-a625957c1de5,2026-05-19T05:31:00+00:00
BATCH_202605_001,25.18,idk_da9080490883,836815,2026-06-01T08:38:00+00:00,8393.33,12cb48ca-92c5-4443-ab06-6e9669c119c9,settled,74cd0093-628b-46fc-a7af-d82617fd89b9,2026-06-01T08:38:00+00:00
BATCH_202605_039,0.83,idk_01e846d062b6,27527,2026-05-18T08:20:00+00:00,276.1,337204e8-ee0d-4d00-a88f-2f071f286baf,settled,1448453f-23cb-4a40-89f1-fa00ef903963,2026-05-18T08:20:00+00:00
BATCH_202605_038,27.01,idk_5013495768af,897650,2026-05-12T04:37:00+00:00,9003.51,5dd9128d-3597-400c-af2e-71b4682a0445,settled,7d623d7f-314b-48a0-80e9-b8e95a78f3c9,2026-05-12T04:37:00+00:00
BATCH_202605_011,0.34,idk_ca859127d8e5,11462,2026-05-06T10:09:00+00:00,114.96,dbe77fad-16dc-4f85-8a19-d5a4b5bf1d2b,settled,24a902f0-54e0-4db7-86f8-34cc732ded6a,2026-05-06T10:09:00+00:00
BATCH_202605_014,2.05,idk_1cd35763a6dc,68135,2026-05-31T13:49:00+00:00,683.4,f236c175-3a9f-496b-870c-58a108413831,settled,ff784f79-9210-48dc-8d62-b64a3f6d0c64,2026-05-31T13:49:00+00:00
BATCH_202605_044,2.94,idk_e08fcb3f85bd,97793,2026-05-26T10:49:00+00:00,980.87,c1ec038b-535b-441b-be8e-ccbf0b4f8969,settled,6f67d7a2-a362-4d09-aa1d-9584db917188,2026-05-26T10:49:00+00:00
BATCH_202605_033,1.28,idk_1f77f4c2ebfb,42651,2026-05-14T05:13:00+00:00,427.79,62d63a60-6f5f-4443-a6ae-89f6051530f5,settled,6f79c197-a594-48a9-837f-6b7840873065,2026-05-14T05:13:00+00:00
BATCH_202605_049,105.49,idk_4f8c43172556,3505786,2026-05-17T10:09:00+00:00,35163.35,f78b4d1a-742e-43e5-83bc-590101a77fe0,settled,8e7ac4a9-acab-47ba-b75a-6732f68c6801,2026-05-17T10:09:00+00:00
BATCH_202605_003,1.46,idk_dfb985d839b7,48472,2026-05-19T02:48:00+00:00,486.18,12aeab48-4c5e-464f-8ca8-4e023030188a,settled,da3b3b13-416a-4229-9926-f42fc2509dfd,2026-05-19T02:48:00+00:00
BATCH_202605_007,41.56,idk_fbc6e628e673,1381151,2026-05-20T15:05:00+00:00,13853.07,38908fc0-b287-4c2d-9a61-df9a0e37b120,settled,050841d8-24b3-4baf-a523-1760bbd49e0e,2026-05-20T15:05:00+00:00
BATCH_202605_013,0.36,idk_5caf1fd286e4,11823,2026-05-29T08:45:00+00:00,118.59,48665020-8451-4a60-9601-d84845c9ccd5,settled,ab27e369-5794-4ba3-82df-467790ef585d,2026-05-29T08:45:00+00:00
BATCH_202605_045,0.23,idk_dfca6c4e2057,7670,2026-05-20T04:40:00+00:00,76.93,4a9b4ef0-e669-4d2e-820b-5ac09b6fe9a4,settled,98aff57d-a575-45c3-9124-abd8511ec0b2,2026-05-20T04:40:00+00:00
BATCH_202605_024,40.51,idk_a902fc73f665,1346408,2026-05-22T08:23:00+00:00,13504.59,e0ca9afe-20e0-49a7-bf00-c14240d94eeb,settled,ef69fb40-bdfa-4253-84c0-4bf80c882cde,2026-05-22T08:23:00+00:00
BATCH_202605_031,4.6,idk_60f5aa88c79b,152809,2026-05-15T10:37:00+00:00,1532.69,79c94ad5-a08b-4bbd-9c9d-9c244f22cc15,settled,abdcac14-b559-44b2-ab27-48e727bfcf14,2026-05-15T10:37:00+00:00
BATCH_202605_015,1.0,idk_d87bac2bdac3,33258,2026-05-14T06:01:00+00:00,333.58,41f54377-bd08-4839-872c-514c154a3a22,settled,08e7f707-7f82-4af6-93cc-fc78230f3653,2026-05-14T06:01:00+00:00
BATCH_202605_046,2.08,idk_1cd9094e1f27,69086,2026-05-18T08:58:00+00:00,692.94,a03b9d0a-8dbb-4681-928e-81944aba4f6c,settled,b8765b5c-46b2-4e10-b6fc-3c9682e6638c,2026-05-18T08:58:00+00:00
BATCH_202605_017,0.99,idk_c6074bdfe305,32820,2026-05-04T10:06:00+00:00,329.19,c013df67-7e0b-49f6-abf6-a93bcb2577a0,settled,2250bd2f-373d-40ac-9c1b-4b7a7e1e9d71,2026-05-04T10:06:00+00:00
BATCH_202605_043,2.08,idk_99851e0fd81b,69100,2026-06-01T05:47:00+00:00,693.08,06a700bd-838c-4818-af25-88d74b6b4aba,settled,ee5ba8e6-4d73-4f88-9e51-9aa5c4174505,2026-06-01T05:47:00+00:00
BATCH_202605_003,458.79,idk_3643e87b7007,15246999,2026-05-21T10:51:00+00:00,152928.78,c56aafe8-0796-499c-b7f7-fa0008c06742,settled,702eb0c3-388f-459c-9c90-e3b5073f8f55,2026-05-21T10:51:00+00:00
BATCH_202605_048,0.69,idk_541e0b36217d,22780,2026-05-13T09:32:00+00:00,228.49,1ce4e169-1f47-478a-846b-8cbf8724c05d,settled,0c4e8d01-a7b6-4216-b10c-ea7b353967d4,2026-05-13T09:32:00+00:00
BATCH_202605_015,117.29,idk_38ab662b844f,3897781,2026-05-29T10:29:00+00:00,39095.1,6bbb9315-e493-4346-8e59-8cc8dfb7a4a8,settled,02a13b7a-d144-4a62-a28e-2d0c8ce9b89f,2026-05-29T10:29:00+00:00
BATCH_202605_008,1.72,idk_52360fb66f5f,57292,2026-05-18T10:11:00+00:00,574.64,99a8fd79-dfa2-4cbf-b532-65c3a48776ae,settled,329af4de-37cb-4b2d-8797-e8b5d7153fb2,2026-05-18T10:11:00+00:00
BATCH_202605_050,96.05,idk_ea17bdf7675a,3192134,2026-05-17T10:37:00+00:00,32017.39,b437978d-20e8-48a8-8ecf-2a400c84e9ad,settled,22c60ebc-415f-46aa-acd3-cefeb9f58323,2026-05-17T10:37:00+00:00
BATCH_202605_015,1.32,idk_1908aed4e98e,43752,2026-05-18T08:11:00+00:00,438.84,8f752dff-11db-49d8-9fdb-5328258ad56f,settled,b992cf58-6627-4c20-b5fa-a43be7bde02b,2026-05-18T08:11:00+00:00
BATCH_202605_019,29.98,idk_7ac3d7206c61,996213,2026-05-13T10:07:00+00:00,9992.11,bf662f70-61c6-438c-8bd2-3eaac0f43313,settled,28a69c11-3ae6-4ef7-b348-d8466e28f8e0,2026-05-13T10:07:00+00:00
BATCH_202605_018,5.68,idk_982599d3c467,188924,2026-05-20T09:27:00+00:00,1894.92,56077f3f-77db-4037-9fa3-866400d57a35,settled,ce37a76b-9542-4637-b2de-ed9bee2a90b8,2026-05-20T09:27:00+00:00
BATCH_202605_010,0.93,idk_34844779a96d,30843,2026-05-08T06:00:00+00:00,309.36,ef5e72a1-3352-4c52-9b6b-95d96df2e1f8,settled,ab7fc146-8c60-49e5-b383-bc9f7f4f70a8,2026-05-08T06:00:00+00:00
BATCH_202605_032,113.45,idk_8dbf20aa4052,3770388,2026-05-26T05:01:00+00:00,37817.33,325cfba9-94f8-49ff-808b-003bc5f53092,settled,cf1dfc91-286a-4781-9a38-61d835cbc67f,2026-05-26T05:01:00+00:00
BATCH_202605_009,113.11,idk_9615c337a828,3758949,2026-05-18T10:24:00+00:00,37702.6,a934e5e4-eb75-4fb3-9bcd-74f07c44196e,settled,ff523340-dad8-4ac1-b7ab-152a4cdc3429,2026-05-18T10:24:00+00:00
BATCH_202605_030,3.3,idk_79883dfb7d81,109544,2026-05-04T08:32:00+00:00,1098.74,2b1db630-b1de-4852-b507-c94b40e31d8f,settled,77f20c10-252c-4500-8692-cc579115f483,2026-05-04T08:32:00+00:00
BATCH_202605_024,616.58,idk_f744c4b6fa3c,20491062,2026-05-02T02:20:00+00:00,205527.2,e9ed7105-464e-4423-b149-5c877e2f0a97,settled,1e497101-2ab0-468c-a10a-97509aea458e,2026-05-02T02:20:00+00:00
BATCH_202605_014,0.72,idk_483318ec3035,24010,2026-05-10T10:28:00+00:00,240.815,e088e58b-9e4f-4ba0-a39a-cbf4991a3e2f,settled,0c33b309-6e24-46d8-8b16-2942d2eba44a,2026-05-10T10:28:00+00:00
BATCH_202605_015,2.59,idk_96b1338c9cb5,85983,2026-05-10T05:43:00+00:00,862.42,893a4968-2ade-4f81-98ce-bdce95e6cd77,settled,9f2ea2a9-7979-4db7-b791-0970b7b6fcfd,2026-05-10T05:43:00+00:00
BATCH_202605_031,143.57,idk_6b32947fe18a,4771291,2026-05-16T05:16:00+00:00,47856.48,629be02c-677d-4e74-9a8d-bc07b62302d4,settled,91e86f96-4c9d-4c76-8d7f-41c0ae807d7e,2026-05-16T05:16:00+00:00
BATCH_202605_020,23.14,idk_b04e4b45a128,768933,2026-05-30T10:41:00+00:00,7712.47,af059eea-d8e5-4cfb-b62c-40cd94ec686a,settled,dc21eb27-db7a-44a4-9f57-2e4289ffee47,2026-05-30T10:41:00+00:00
BATCH_202605_022,0.78,idk_3fb1899aad6b,25821,2026-05-28T10:00:00+00:00,258.99,bda6c405-54ae-400c-9279-3744ca8845e8,settled,fea4d180-b911-4bf9-81a5-e9065f586e4b,2026-05-28T10:00:00+00:00
BATCH_202605_039,0.97,idk_9c32f2886c02,32323,2026-05-11T04:33:00+00:00,324.2,b0189c38-3865-405f-9663-13388701e302,settled,d3b82347-26a8-4667-8b7b-670e5f1e3d41,2026-05-11T04:33:00+00:00
BATCH_202605_048,2.02,idk_5f5236fac50b,67079,2026-05-26T08:27:00+00:00,672.81,8c10048d-2345-4666-9da2-4cef650edfb7,settled,bdf5794d-3501-4b89-b565-f5fa0b897e6c,2026-05-26T08:27:00+00:00
BATCH_202605_041,0.34,idk_40fd43b4b1e8,11149,2026-05-22T05:47:00+00:00,111.83,7d546a7d-b0af-4d84-9d5d-926ff0873b90,settled,b73abafa-cd4c-40d4-9150-04247b3fe99e,2026-05-22T05:47:00+00:00
BATCH_202605_018,0.37,idk_b23718197bdf,12214,2026-05-07T05:27:00+00:00,122.51,77f135a8-79b3-4c75-af5b-ae70204a04e3,settled,556a1872-7ce9-4efe-ad24-8966315ef5ab,2026-05-07T05:27:00+00:00
BATCH_202605_011,0.42,idk_931bfd1003fa,13894,2026-05-29T07:44:00+00:00,139.36,7c16260c-ca72-4a8f-b644-f4f730b0119d,settled,04751953-d2b8-4e14-801b-a8161ffedf53,2026-05-29T07:44:00+00:00
BATCH_202605_004,2.02,idk_d58338a858e9,67251,2026-05-14T04:11:00+00:00,674.53,5bd55b9f-13f6-4734-a144-6305c01637f2,settled,cfee2b2b-09af-4d2c-9178-65d1ec001316,2026-05-14T04:11:00+00:00
BATCH_202605_025,0.14,idk_53ab7e2633c9,4559,2026-05-04T08:46:00+00:00,45.73,ba5c768c-4d62-4e6c-b4f0-7a561c67635c,settled,f0b30f99-027f-4c1c-8c55-bb05173748fe,2026-05-04T08:46:00+00:00
BATCH_202605_023,0.92,idk_6a887b60bb7d,30714,2026-05-06T11:00:00+00:00,308.06,f9e47ced-75cf-4a8e-9d04-615615181c13,settled,cfffd08c-2782-43be-9ca3-7a57196a9530,2026-05-06T11:00:00+00:00
BATCH_202605_045,31.92,idk_24f708ed0742,1060769,2026-05-31T08:42:00+00:00,10639.61,0cd7be51-4424-4efc-b1b0-bf506dd17ade,settled,7100a64e-aabf-47b4-9b38-89738257ad00,2026-05-31T08:42:00+00:00
BATCH_202605_023,1.89,idk_1d2c3fd3392b,62702,2026-05-22T09:40:00+00:00,628.91,14f75d0c-4b2c-4777-b8dd-854b0f25938e,settled,59318758-c55d-4bca-9a2c-1f3503c6eb7b,2026-05-22T09:40:00+00:00
BATCH_202605_049,0.99,idk_6e423f86223e,33039,2026-05-13T08:16:00+00:00,331.38,becb22ab-f1a6-4061-961a-a82ef25857ec,settled,843eac53-1855-4ea6-aea8-e53b289b9070,2026-05-13T08:16:00+00:00
BATCH_202605_019,33.25,idk_735365117a89,1104868,2026-05-24T09:26:00+00:00,11081.93,d91e5909-afc4-4b16-ba98-d1bf2de808e4,settled,0665ef3b-23a3-4640-8192-55fbb155b532,2026-05-24T09:26:00+00:00
BATCH_202605_042,3.69,idk_2ed14f6a17ca,122797,2026-05-16T09:32:00+00:00,1231.66,21e64d13-1893-43d8-a4db-c9db78f7bfd6,settled,e6f1a044-692c-4147-8692-a4895e3ae4cc,2026-05-16T09:32:00+00:00
BATCH_202605_045,1.2,idk_37b81f1ce8ae,39745,2026-05-22T10:55:00+00:00,398.65,54c76d09-2215-44e0-81bd-f89603835a79,settled,57fbb8fc-4e20-4d90-a46f-eb56042a89f2,2026-05-22T10:55:00+00:00
BATCH_202605_008,19.0,idk_500a19578734,631480,2026-05-10T06:01:00+00:00,6333.8,2524b18b-97ec-4a4b-a6ce-3ac277b98b6f,settled,1aeef5dc-34e7-42cd-a0e7-01368c8dd156,2026-05-10T06:01:00+00:00
BATCH_202605_002,1.87,idk_f850dfd764e1,62241,2026-05-19T08:08:00+00:00,624.28,0c2287ef-f6fb-464b-9ab8-d55584fc2b72,settled,925bcdce-a90e-42b8-83d0-f240797a68d6,2026-05-19T08:08:00+00:00
BATCH_202605_014,0.71,idk_f3259b0bb5e5,23620,2026-05-16T04:21:00+00:00,236.91,b6e2c6fe-6860-47d4-933d-113d1081d207,settled,4c9fd871-a1a1-4b8d-8574-fc9d06020ff0,2026-05-16T04:21:00+00:00
BATCH_202605_010,0.41,idk_de89e2090efa,13729,2026-05-17T04:28:00+00:00,137.7,261a8161-9da2-4714-9761-cd5195babe0b,settled,226c2ae5-aa5a-49a1-94c7-86631ef20888,2026-05-17T04:28:00+00:00
BATCH_202605_050,2.25,idk_625e1c7b647c,74920,2026-05-07T08:59:00+00:00,751.45,e4d065cb-ee5f-473d-aa7e-ef80c12fa546,settled,bf56dbbd-2896-4ba4-bf6a-b62286545e97,2026-05-07T08:59:00+00:00
BATCH_202605_036,27.53,idk_d0a8fcfb68ed,915028,2026-05-12T05:47:00+00:00,9177.81,4f3b0aa8-d970-4982-9cf1-b1a44ef1b08f,settled,6b0eead4-6eb6-498f-a2ae-9bed83350e70,2026-05-12T05:47:00+00:00
BATCH_202605_028,0.59,idk_e7b93ce7029e,19539,2026-05-13T02:20:00+00:00,195.98,abd48bf0-9591-4da4-be57-7c323971028f,settled,5c3dcea9-4c58-481a-8108-2601547368f5,2026-05-13T02:20:00+00:00
BATCH_202605_045,0.8,idk_9533c9290f01,26532,2026-05-14T05:07:00+00:00,266.12,0d6c8d21-25c0-40d0-b2dc-d8b4c1d6baf0,settled,5e24bc28-a0c3-4836-9a74-c93f222416bb,2026-05-14T05:07:00+00:00
BATCH_202605_049,1.85,idk_3d17348dc93b,61503,2026-05-09T09:12:00+00:00,616.88,b533d0a6-ad90-4dc1-93a7-5c86922f474b,settled,d0b27ff3-8976-4c5b-8003-59103a2fb5e9,2026-05-09T09:12:00+00:00
BATCH_202605_029,5.64,idk_525ad559ee2c,187545,2026-05-18T08:42:00+00:00,1881.09,3c54ab65-41c3-4c57-a8c4-ff963ce88aae,settled,06b9878e-0e1e-4ad8-9d7c-0755da9632c5,2026-05-18T08:42:00+00:00
BATCH_202605_035,20.39,idk_fcd4de32eb9d,677507,2026-05-06T04:38:00+00:00,6795.46,fbd68012-a239-44cc-8590-83d9d9f22760,settled,23b9855f-b79e-4da9-8733-c51e2edee28b,2026-05-06T04:38:00+00:00
BATCH_202605_036,30.39,idk_001ca28f5e1d,1009923,2026-05-12T09:24:00+00:00,10129.62,29332b95-7cc9-422e-bc3e-c94f6f435945,settled,ba0200ca-fa99-4a57-961a-65a84b768bff,2026-05-12T09:24:00+00:00
BATCH_202605_025,1.62,idk_3975fc0353a4,53873,2026-05-10T08:36:00+00:00,540.35,605be32a-ad39-48f3-b5e1-81fafcd6e1a9,settled,87b585a6-65bf-4549-91e1-1e276ad3d68d,2026-05-10T08:36:00+00:00
BATCH_202605_035,126.87,idk_2337f0640a4b,4216462,2026-05-26T05:27:00+00:00,42291.49,b5281438-7160-4f55-a48e-3a63588b154a,settled,6254e5b6-b5e1-4764-b9eb-c8fe65385ee7,2026-05-26T05:27:00+00:00
BATCH_202605_008,16.43,idk_5e353d14a54c,545930,2026-05-19T10:25:00+00:00,5475.73,76953d87-59b1-4be2-8fdd-e8a445d95b3d,settled,b4326b17-0035-41cf-b4bd-29bcbeca6bd5,2026-05-19T10:25:00+00:00
BATCH_202605_003,1.88,idk_590853b03300,62619,2026-05-06T04:19:00+00:00,628.07,b4eb66da-3859-42c4-80d3-709b43d438ed,settled,780c249a-c53e-4e81-810b-0732966386b4,2026-05-06T04:19:00+00:00
BATCH_202605_046,5.78,idk_0fff50d92ecf,192146,2026-05-21T10:23:00+00:00,1927.24,e14f1f40-a633-4b9b-b01d-29fa8907dd27,settled,a7ca4ade-4947-4952-8b57-89f44522243b,2026-05-21T10:23:00+00:00
BATCH_202605_048,3.16,idk_b4789658291f,105131,2026-05-31T09:58:00+00:00,1054.47,e2dbb978-ba38-42cc-9a5a-badfb2d5ef48,settled,46803b8c-df71-4943-979a-0ed74f255ce6,2026-05-31T09:58:00+00:00
BATCH_202605_020,401.41,idk_59d676e18712,13340205,2026-05-03T08:40:00+00:00,133803.46,c26d3376-b4db-4a4b-870a-4e73acc72d31,settled,c090da9e-8f3b-4ebe-8115-38584e69c75c,2026-05-03T08:40:00+00:00
BATCH_202605_016,0.67,idk_4ab3facbdf50,22144,2026-05-25T10:31:00+00:00,222.11,910941b5-c854-4b84-9590-78cf96dcd3a1,settled,48bb8f67-052d-4229-ac7c-410b3aebc0a3,2026-05-25T10:31:00+00:00
BATCH_202605_030,6.03,idk_8493be86ff20,200309,2026-05-15T04:56:00+00:00,2009.12,90fc4977-1750-4fed-a3bc-0eb599c896bb,settled,eca88789-9aaf-4968-9497-d856a3d1b7e2,2026-05-15T04:56:00+00:00
BATCH_202605_039,41.38,idk_11108eab6199,1375305,2026-05-07T09:39:00+00:00,13794.43,b196d729-d219-4dd3-be65-9d4028831c7d,settled,ff057857-653d-45bc-8888-adaa0f5e65d6,2026-05-07T09:39:00+00:00
BATCH_202605_021,1.12,idk_642d0d8d45a2,37080,2026-05-30T09:55:00+00:00,371.92,80990901-fe0f-445a-809b-60360f3bdc7a,settled,76ce97b2-fd3e-4a60-b2d3-f667b9f240d0,2026-05-30T09:55:00+00:00
BATCH_202605_026,1.67,idk_2c5b888d0c3c,55661,2026-05-19T08:30:00+00:00,558.28,efbcf799-36a4-4712-90e2-81b0d7e8db04,settled,1d11a2f2-f2aa-44ff-ab3b-9a0f3797ce44,2026-05-19T08:30:00+00:00
BATCH_202605_020,0.04,idk_fcad7c4b8a4b,1308,2026-05-21T10:15:00+00:00,13.12,da223188-69d1-4864-b0cd-d8b79ee3318b,settled,b4cf88d0-7be7-4633-85b0-3c22e009048c,2026-05-21T10:15:00+00:00
BATCH_202605_037,314.88,idk_91a9b25fbff5,10464553,2026-05-28T09:05:00+00:00,104960.41,c2a5298e-0c13-48dc-8ed0-63e4011396d6,settled,be564531-2989-44b0-b5b0-aac1958697df,2026-05-28T09:05:00+00:00
BATCH_202605_020_S0,90.2,idk_45188cf69542,2997799,2026-05-23T07:12:00+00:00,18040.91,1bde67bc-b74c-4f86-ae26-3fe85295628c,settled,007598c7-5819-414f-b297-4abbd2e2e425,2026-05-23T07:12:00+00:00
BATCH_202605_020_S1,90.2,idk_45188cf69542,2997799,2026-05-23T07:12:00+00:00,12027.28,9d9e89ca-3c4e-42b6-a819-acfc636ad521,settled,007598c7-5819-414f-b297-4abbd2e2e425,2026-05-23T07:12:00+00:00
BATCH_202605_038_S0,2.87,idk_1c68db70774d,95469,2026-05-09T08:26:00+00:00,574.54,9b0e558d-0451-4634-8730-b97a26301f3b,settled,6aae66fe-5acf-4afa-8856-f81946eacd11,2026-05-09T08:26:00+00:00
BATCH_202605_038_S1,2.87,idk_1c68db70774d,95469,2026-05-09T08:26:00+00:00,383.02,58154ef2-3c0a-4f6e-895b-8bd8594a001d,settled,6aae66fe-5acf-4afa-8856-f81946eacd11,2026-05-09T08:26:00+00:00
BATCH_202605_016_S0,29.58,idk_a2393e4726f6,983178,2026-05-18T05:53:00+00:00,5916.82,587b0d48-d06b-4af7-b92a-2f74ca0585cc,settled,ab4ff252-b568-4dfc-9257-b497956c90fc,2026-05-18T05:53:00+00:00
BATCH_202605_016_S1,29.58,idk_a2393e4726f6,983178,2026-05-18T05:53:00+00:00,3944.54,7d154fcd-ff7b-4733-82aa-f29cf8146505,settled,ab4ff252-b568-4dfc-9257-b497956c90fc,2026-05-18T05:53:00+00:00
BATCH_202605_034,359.54,idk_ff60a4236b25,11948787,2026-05-31T04:48:00+00:00,119847.41,86d2b9d5-876c-48ee-887a-5671858be9b1,settled,e5b12b3a-f9c2-4c2a-a32e-80581fa46055,2026-06-03T04:48:00+00:00
BATCH_202605_005,3.04,idk_f05cf2fbb3f7,101154,2026-06-01T10:23:00+00:00,1014.58,33173b52-5bef-431a-96d4-ca980930092a,settled,f319cf98-d735-49d7-8749-2fec82f736ea,2026-06-06T10:23:00+00:00
BATCH_202605_015,5.55,idk_0874ece84220,184435,2026-05-18T09:41:00+00:00,1849.9,f1599bfe-4fbd-4fbb-b4ba-91ab7003f474,settled,67330471-2a8e-4635-ba7d-4673e1132aab,2026-05-18T09:41:00+00:00
